-- begin insert default numerator for OrderDocument
CREATE OR REPLACE FUNCTION baseInsert()
RETURNS integer
AS $$
DECLARE
    cnt integer = 0;
BEGIN
cnt = (select count(id) from DF_NUMERATOR where CODE = 'OrderDocumentNumerator' and delete_ts is null);
if(cnt = 0) then
    INSERT INTO DF_NUMERATOR (ID, CREATE_TS, CREATED_BY, VERSION, CODE, NUMERATOR_FORMAT, SCRIPT_ENABLED,
                              PERIODICITY, NUMBER_INITIAL_VALUE, LOC_NAME)
    VALUES ('23fd7be4-a226-4aa2-be1c-8724307998df', now(), 'system', 1, 'OrderDocumentNumerator', '[number]', FALSE, 'Y', 1,
            '{"captionWithLanguageList":[{"language":"ru","caption":"Распоряжение"},{"language":"en","caption":"Order Document"}]}'
    );
end if;

return 0;
END;
$$
LANGUAGE plpgsql;
^

select baseInsert()^
drop function if exists baseInsert()^
-- end insert default numerator for OrderDocument
-- begin insert cardType for OrderDocument
insert into TS_CARD_TYPE (ID, CREATE_TS, CREATED_BY, NAME, DISCRIMINATOR, FIELDS_XML)
       values ('115d0827-546e-4b44-ae13-d40681333caf', now(), 'system', 'thesissummer$OrderDocument', '2000', '<?xml version="1.0" encoding="UTF-8"?>
<fields>
  <field name="date" inDocKind="true" required="false" visible="true" signed="false" />
  <field name="docCategory" inDocKind="true" required="false" visible="true" signed="false" />
  <field name="owner" inDocKind="true" required="false" visible="true" signed="false" />
  <field name="department" inDocKind="true" required="false" visible="true" signed="false" />
  <field name="comment" inDocKind="true" required="false" visible="true" signed="false" />
  <field name="finishDatePlan" inDocKind="true" required="false" visible="true" signed="false" />
  <field name="resolution" inDocKind="true" required="false" visible="true" signed="false" />
  <field name="number" inDocKind="true" required="false" visible="true" signed="false" />
  <field name="organization" inDocKind="true" required="false" visible="true" signed="false" />
  <field name="parentCard" inDocKind="true" required="false" visible="true" signed="false" />
  <field name="theme" inDocKind="true" required="false" visible="true" signed="false" />
</fields>
')^
-- end insert cardType for OrderDocument
-- begin update procCardType for OrderDocument
update wf_proc set card_types = regexp_replace(card_types, ',thesissummer\\$OrderDocument', '') where code in ('Endorsement', 'Resolution', 'Acquaintance', 'Registration')^
update wf_proc set updated_by='system', card_types = card_types || 'thesissummer$OrderDocument,' where code in ('Endorsement', 'Resolution', 'Acquaintance', 'Registration')^
-- end update procCardType for OrderDocument
-- begin insert docKind for OrderDocument
CREATE OR REPLACE FUNCTION baseInsert()
RETURNS integer
AS $$
DECLARE
    cnt integer = 0;
BEGIN
    cnt = (select count(CATEGORY_ID) from DF_DOC_KIND where CATEGORY_ID = 'e1116682-d547-4036-ac24-a3d32f50c19f');
    if (cnt = 0) then
        insert into SYS_CATEGORY (ID, NAME, ENTITY_TYPE, IS_DEFAULT, CREATE_TS, CREATED_BY, VERSION, DISCRIMINATOR)
        values ('e1116682-d547-4036-ac24-a3d32f50c19f', 'Распоряжение', 'thesissummer$OrderDocument', false, now(), 'system', 1, 1);

        insert into DF_DOC_KIND (CATEGORY_ID, CREATE_TS, CREATED_BY, VERSION, DOC_TYPE_ID, NUMERATOR_ID,
                                 NUMERATOR_TYPE, CATEGORY_ATTRS_PLACE, TAB_NAME, PORTAL_PUBLISH_ALLOWED, DISABLE_ADD_PROCESS_ACTORS, CREATE_ONLY_BY_TEMPLATE)
        values ('e1116682-d547-4036-ac24-a3d32f50c19f', now(), 'system', 1, '115d0827-546e-4b44-ae13-d40681333caf', '23fd7be4-a226-4aa2-be1c-8724307998df',
                1, 1, 'Доп. поля', false, false, false);
end if;
return 0;
END;
$$
LANGUAGE plpgsql;
^
select baseInsert();^
drop function if exists baseInsert();^
-- end insert docKind for OrderDocument
-- begin insert secPermissions for OrderDocument
insert into SEC_PERMISSION (ID, CREATE_TS, CREATED_BY, VERSION, UPDATE_TS, UPDATED_BY, DELETE_TS, DELETED_BY, PERMISSION_TYPE, TARGET, VALUE_, ROLE_ID)
values (newid(), now(), 'system', 1, now(), null, null, null, 20, 'thesissummer$OrderDocument:create', 0, (select ID from SEC_ROLE where NAME = 'SimpleUser'))^
insert into SEC_PERMISSION (ID, CREATE_TS, CREATED_BY, VERSION, UPDATE_TS, UPDATED_BY, DELETE_TS, DELETED_BY, PERMISSION_TYPE, TARGET, VALUE_, ROLE_ID)
values (newid(), now(), 'system', 1, now(), null, null, null, 20, 'thesissummer$OrderDocument:delete', 0, (select ID from SEC_ROLE where NAME = 'SimpleUser'))^
insert into SEC_PERMISSION (ID, CREATE_TS, CREATED_BY, VERSION, UPDATE_TS, UPDATED_BY, DELETE_TS, DELETED_BY, PERMISSION_TYPE, TARGET, VALUE_, ROLE_ID)
values (newid(), now(), 'system', 1, now(), null, null, null, 20, 'thesissummer$OrderDocument:create', 1, (select ID from SEC_ROLE where NAME = 'Administrators'))^
insert into SEC_PERMISSION (ID, CREATE_TS, CREATED_BY, VERSION, UPDATE_TS, UPDATED_BY, DELETE_TS, DELETED_BY, PERMISSION_TYPE, TARGET, VALUE_, ROLE_ID)
values (newid(), now(), 'system', 1, now(), null, null, null, 20, 'thesissummer$OrderDocument:update', 1, (select ID from SEC_ROLE where NAME = 'Administrators'))^
insert into SEC_PERMISSION (ID, CREATE_TS, CREATED_BY, VERSION, UPDATE_TS, UPDATED_BY, DELETE_TS, DELETED_BY, PERMISSION_TYPE, TARGET, VALUE_, ROLE_ID)
values (newid(), now(), 'system', 1, now(), null, null, null, 20, 'thesissummer$OrderDocument:delete', 1, (select ID from SEC_ROLE where NAME = 'Administrators'))^
insert into SEC_PERMISSION (ID, CREATE_TS, CREATED_BY, VERSION, UPDATE_TS, UPDATED_BY, DELETE_TS, DELETED_BY, PERMISSION_TYPE, TARGET, VALUE_, ROLE_ID)
values (newid(), now(), 'system', 1, now(), null, null, null, 20, 'thesissummer$OrderDocument:create', 1, (select ID from SEC_ROLE where NAME = 'doc_initiator'))^
insert into SEC_PERMISSION (ID, CREATE_TS, CREATED_BY, VERSION, UPDATE_TS, UPDATED_BY, DELETE_TS, DELETED_BY, PERMISSION_TYPE, TARGET, VALUE_, ROLE_ID)
values (newid(), now(), 'system', 1, now(), null, null, null, 20, 'thesissummer$OrderDocument:update', 1, (select ID from SEC_ROLE where NAME = 'doc_initiator'))^
insert into SEC_PERMISSION (ID, CREATE_TS, CREATED_BY, VERSION, UPDATE_TS, UPDATED_BY, DELETE_TS, DELETED_BY, PERMISSION_TYPE, TARGET, VALUE_, ROLE_ID)
values (newid(), now(), 'system', 1, now(), null, null, null, 20, 'thesissummer$OrderDocument:delete', 1, (select ID from SEC_ROLE where NAME = 'doc_initiator'))^
-- end insert secPermissions for OrderDocument
-- begin insert default numerator for OrderWriteOff
CREATE OR REPLACE FUNCTION baseInsert()
RETURNS integer
AS $$
DECLARE
    cnt integer = 0;
BEGIN
cnt = (select count(id) from DF_NUMERATOR where CODE = 'OrderWriteOffNumerator' and delete_ts is null);
if(cnt = 0) then
    INSERT INTO DF_NUMERATOR (ID, CREATE_TS, CREATED_BY, VERSION, CODE, NUMERATOR_FORMAT, SCRIPT_ENABLED,
                              PERIODICITY, NUMBER_INITIAL_VALUE, LOC_NAME)
    VALUES ('e10c1ffd-e1f5-4d4d-be04-ca2a859ca702', now(), 'system', 1, 'OrderWriteOffNumerator', '[number]', FALSE, 'Y', 1,
            '{"captionWithLanguageList":[{"language":"ru","caption":"Распоряжение на списания обеспечения"},{"language":"en","caption":"OrderWriteOff"}]}'
    );
end if;

return 0;
END;
$$
LANGUAGE plpgsql;
^

select baseInsert()^
drop function if exists baseInsert()^
-- end insert default numerator for OrderWriteOff
-- begin insert cardType for OrderWriteOff
insert into TS_CARD_TYPE (ID, CREATE_TS, CREATED_BY, NAME, DISCRIMINATOR, FIELDS_XML)
       values ('eb0fe385-4097-451b-acfc-0d87572912ef', now(), 'system', 'thesissummer$OrderWriteOff', '2100', '<?xml version="1.0" encoding="UTF-8"?>
<fields>
  <field name="date" inDocKind="true" required="false" visible="true" signed="false" />
  <field name="docCategory" inDocKind="true" required="false" visible="true" signed="false" />
  <field name="owner" inDocKind="true" required="false" visible="true" signed="false" />
  <field name="department" inDocKind="true" required="false" visible="true" signed="false" />
  <field name="comment" inDocKind="true" required="false" visible="true" signed="false" />
  <field name="finishDatePlan" inDocKind="true" required="false" visible="true" signed="false" />
  <field name="resolution" inDocKind="true" required="false" visible="true" signed="false" />
  <field name="number" inDocKind="true" required="false" visible="true" signed="false" />
  <field name="organization" inDocKind="true" required="false" visible="true" signed="false" />
  <field name="parentCard" inDocKind="true" required="false" visible="true" signed="false" />
  <field name="theme" inDocKind="true" required="false" visible="true" signed="false" />
</fields>
')^
-- end insert cardType for OrderWriteOff
-- begin update procCardType for OrderWriteOff
update wf_proc set card_types = regexp_replace(card_types, ',thesissummer\\$OrderWriteOff', '') where code in ('Endorsement', 'Resolution', 'Acquaintance', 'Registration')^
update wf_proc set updated_by='system', card_types = card_types || 'thesissummer$OrderWriteOff,' where code in ('Endorsement', 'Resolution', 'Acquaintance', 'Registration')^
-- end update procCardType for OrderWriteOff
-- begin insert docKind for OrderWriteOff
CREATE OR REPLACE FUNCTION baseInsert()
RETURNS integer
AS $$
DECLARE
    cnt integer = 0;
BEGIN
    cnt = (select count(CATEGORY_ID) from DF_DOC_KIND where CATEGORY_ID = '1cd2b462-f2e3-4663-943c-e86d488cf110');
    if (cnt = 0) then
        insert into SYS_CATEGORY (ID, NAME, ENTITY_TYPE, IS_DEFAULT, CREATE_TS, CREATED_BY, VERSION, DISCRIMINATOR)
        values ('1cd2b462-f2e3-4663-943c-e86d488cf110', 'Распоряжение на списания обеспечения', 'thesissummer$OrderWriteOff', false, now(), 'system', 1, 1);

        insert into DF_DOC_KIND (CATEGORY_ID, CREATE_TS, CREATED_BY, VERSION, DOC_TYPE_ID, NUMERATOR_ID,
                                 NUMERATOR_TYPE, CATEGORY_ATTRS_PLACE, TAB_NAME, PORTAL_PUBLISH_ALLOWED, DISABLE_ADD_PROCESS_ACTORS, CREATE_ONLY_BY_TEMPLATE)
        values ('1cd2b462-f2e3-4663-943c-e86d488cf110', now(), 'system', 1, 'eb0fe385-4097-451b-acfc-0d87572912ef', 'e10c1ffd-e1f5-4d4d-be04-ca2a859ca702',
                1, 1, 'Доп. поля', false, false, false);
end if;
return 0;
END;
$$
LANGUAGE plpgsql;
^
select baseInsert();^
drop function if exists baseInsert();^
-- end insert docKind for OrderWriteOff
-- begin insert secPermissions for OrderWriteOff
insert into SEC_PERMISSION (ID, CREATE_TS, CREATED_BY, VERSION, UPDATE_TS, UPDATED_BY, DELETE_TS, DELETED_BY, PERMISSION_TYPE, TARGET, VALUE_, ROLE_ID)
values (newid(), now(), 'system', 1, now(), null, null, null, 20, 'thesissummer$OrderWriteOff:create', 0, (select ID from SEC_ROLE where NAME = 'SimpleUser'))^
insert into SEC_PERMISSION (ID, CREATE_TS, CREATED_BY, VERSION, UPDATE_TS, UPDATED_BY, DELETE_TS, DELETED_BY, PERMISSION_TYPE, TARGET, VALUE_, ROLE_ID)
values (newid(), now(), 'system', 1, now(), null, null, null, 20, 'thesissummer$OrderWriteOff:delete', 0, (select ID from SEC_ROLE where NAME = 'SimpleUser'))^
insert into SEC_PERMISSION (ID, CREATE_TS, CREATED_BY, VERSION, UPDATE_TS, UPDATED_BY, DELETE_TS, DELETED_BY, PERMISSION_TYPE, TARGET, VALUE_, ROLE_ID)
values (newid(), now(), 'system', 1, now(), null, null, null, 20, 'thesissummer$OrderWriteOff:create', 1, (select ID from SEC_ROLE where NAME = 'Administrators'))^
insert into SEC_PERMISSION (ID, CREATE_TS, CREATED_BY, VERSION, UPDATE_TS, UPDATED_BY, DELETE_TS, DELETED_BY, PERMISSION_TYPE, TARGET, VALUE_, ROLE_ID)
values (newid(), now(), 'system', 1, now(), null, null, null, 20, 'thesissummer$OrderWriteOff:update', 1, (select ID from SEC_ROLE where NAME = 'Administrators'))^
insert into SEC_PERMISSION (ID, CREATE_TS, CREATED_BY, VERSION, UPDATE_TS, UPDATED_BY, DELETE_TS, DELETED_BY, PERMISSION_TYPE, TARGET, VALUE_, ROLE_ID)
values (newid(), now(), 'system', 1, now(), null, null, null, 20, 'thesissummer$OrderWriteOff:delete', 1, (select ID from SEC_ROLE where NAME = 'Administrators'))^
insert into SEC_PERMISSION (ID, CREATE_TS, CREATED_BY, VERSION, UPDATE_TS, UPDATED_BY, DELETE_TS, DELETED_BY, PERMISSION_TYPE, TARGET, VALUE_, ROLE_ID)
values (newid(), now(), 'system', 1, now(), null, null, null, 20, 'thesissummer$OrderWriteOff:create', 1, (select ID from SEC_ROLE where NAME = 'doc_initiator'))^
insert into SEC_PERMISSION (ID, CREATE_TS, CREATED_BY, VERSION, UPDATE_TS, UPDATED_BY, DELETE_TS, DELETED_BY, PERMISSION_TYPE, TARGET, VALUE_, ROLE_ID)
values (newid(), now(), 'system', 1, now(), null, null, null, 20, 'thesissummer$OrderWriteOff:update', 1, (select ID from SEC_ROLE where NAME = 'doc_initiator'))^
insert into SEC_PERMISSION (ID, CREATE_TS, CREATED_BY, VERSION, UPDATE_TS, UPDATED_BY, DELETE_TS, DELETED_BY, PERMISSION_TYPE, TARGET, VALUE_, ROLE_ID)
values (newid(), now(), 'system', 1, now(), null, null, null, 20, 'thesissummer$OrderWriteOff:delete', 1, (select ID from SEC_ROLE where NAME = 'doc_initiator'))^
-- end insert secPermissions for OrderWriteOff
-- begin insert default numerator for OrderRevaluation
CREATE OR REPLACE FUNCTION baseInsert()
RETURNS integer
AS $$
DECLARE
    cnt integer = 0;
BEGIN
cnt = (select count(id) from DF_NUMERATOR where CODE = 'OrderRevaluationNumerator' and delete_ts is null);
if(cnt = 0) then
    INSERT INTO DF_NUMERATOR (ID, CREATE_TS, CREATED_BY, VERSION, CODE, NUMERATOR_FORMAT, SCRIPT_ENABLED,
                              PERIODICITY, NUMBER_INITIAL_VALUE, LOC_NAME)
    VALUES ('e131c95f-d7f4-4ff8-95d1-43d1a2c9add0', now(), 'system', 1, 'OrderRevaluationNumerator', '[number]', FALSE, 'Y', 1,
            '{"captionWithLanguageList":[{"language":"ru","caption":"Распоряжение на переоценку обеспечения"},{"language":"en","caption":"Order Revaluation"}]}'
    );
end if;

return 0;
END;
$$
LANGUAGE plpgsql;
^

select baseInsert()^
drop function if exists baseInsert()^
-- end insert default numerator for OrderRevaluation
-- begin insert cardType for OrderRevaluation
insert into TS_CARD_TYPE (ID, CREATE_TS, CREATED_BY, NAME, DISCRIMINATOR, FIELDS_XML)
       values ('55d80e4a-a952-4855-99c5-2df019eeeb5f', now(), 'system', 'thesissummer$OrderRevaluation', '2200', '<?xml version="1.0" encoding="UTF-8"?>
<fields>
  <field name="date" inDocKind="true" required="false" visible="true" signed="false" />
  <field name="docCategory" inDocKind="true" required="false" visible="true" signed="false" />
  <field name="owner" inDocKind="true" required="false" visible="true" signed="false" />
  <field name="department" inDocKind="true" required="false" visible="true" signed="false" />
  <field name="comment" inDocKind="true" required="false" visible="true" signed="false" />
  <field name="finishDatePlan" inDocKind="true" required="false" visible="true" signed="false" />
  <field name="resolution" inDocKind="true" required="false" visible="true" signed="false" />
  <field name="number" inDocKind="true" required="false" visible="true" signed="false" />
  <field name="organization" inDocKind="true" required="false" visible="true" signed="false" />
  <field name="parentCard" inDocKind="true" required="false" visible="true" signed="false" />
  <field name="theme" inDocKind="true" required="false" visible="true" signed="false" />
</fields>
')^
-- end insert cardType for OrderRevaluation
-- begin update procCardType for OrderRevaluation
update wf_proc set card_types = regexp_replace(card_types, ',thesissummer\\$OrderRevaluation', '') where code in ('Endorsement', 'Resolution', 'Acquaintance', 'Registration')^
update wf_proc set updated_by='system', card_types = card_types || 'thesissummer$OrderRevaluation,' where code in ('Endorsement', 'Resolution', 'Acquaintance', 'Registration')^
-- end update procCardType for OrderRevaluation
-- begin insert docKind for OrderRevaluation
CREATE OR REPLACE FUNCTION baseInsert()
RETURNS integer
AS $$
DECLARE
    cnt integer = 0;
BEGIN
    cnt = (select count(CATEGORY_ID) from DF_DOC_KIND where CATEGORY_ID = '61ba4f1e-766b-4c6b-a7df-3c09a5bee253');
    if (cnt = 0) then
        insert into SYS_CATEGORY (ID, NAME, ENTITY_TYPE, IS_DEFAULT, CREATE_TS, CREATED_BY, VERSION, DISCRIMINATOR)
        values ('61ba4f1e-766b-4c6b-a7df-3c09a5bee253', 'Распоряжение на переоценку обеспечения', 'thesissummer$OrderRevaluation', false, now(), 'system', 1, 1);

        insert into DF_DOC_KIND (CATEGORY_ID, CREATE_TS, CREATED_BY, VERSION, DOC_TYPE_ID, NUMERATOR_ID,
                                 NUMERATOR_TYPE, CATEGORY_ATTRS_PLACE, TAB_NAME, PORTAL_PUBLISH_ALLOWED, DISABLE_ADD_PROCESS_ACTORS, CREATE_ONLY_BY_TEMPLATE)
        values ('61ba4f1e-766b-4c6b-a7df-3c09a5bee253', now(), 'system', 1, '55d80e4a-a952-4855-99c5-2df019eeeb5f', 'e131c95f-d7f4-4ff8-95d1-43d1a2c9add0',
                1, 1, 'Доп. поля', false, false, false);
end if;
return 0;
END;
$$
LANGUAGE plpgsql;
^
select baseInsert();^
drop function if exists baseInsert();^
-- end insert docKind for OrderRevaluation
-- begin insert secPermissions for OrderRevaluation
insert into SEC_PERMISSION (ID, CREATE_TS, CREATED_BY, VERSION, UPDATE_TS, UPDATED_BY, DELETE_TS, DELETED_BY, PERMISSION_TYPE, TARGET, VALUE_, ROLE_ID)
values (newid(), now(), 'system', 1, now(), null, null, null, 20, 'thesissummer$OrderRevaluation:create', 0, (select ID from SEC_ROLE where NAME = 'SimpleUser'))^
insert into SEC_PERMISSION (ID, CREATE_TS, CREATED_BY, VERSION, UPDATE_TS, UPDATED_BY, DELETE_TS, DELETED_BY, PERMISSION_TYPE, TARGET, VALUE_, ROLE_ID)
values (newid(), now(), 'system', 1, now(), null, null, null, 20, 'thesissummer$OrderRevaluation:delete', 0, (select ID from SEC_ROLE where NAME = 'SimpleUser'))^
insert into SEC_PERMISSION (ID, CREATE_TS, CREATED_BY, VERSION, UPDATE_TS, UPDATED_BY, DELETE_TS, DELETED_BY, PERMISSION_TYPE, TARGET, VALUE_, ROLE_ID)
values (newid(), now(), 'system', 1, now(), null, null, null, 20, 'thesissummer$OrderRevaluation:create', 1, (select ID from SEC_ROLE where NAME = 'Administrators'))^
insert into SEC_PERMISSION (ID, CREATE_TS, CREATED_BY, VERSION, UPDATE_TS, UPDATED_BY, DELETE_TS, DELETED_BY, PERMISSION_TYPE, TARGET, VALUE_, ROLE_ID)
values (newid(), now(), 'system', 1, now(), null, null, null, 20, 'thesissummer$OrderRevaluation:update', 1, (select ID from SEC_ROLE where NAME = 'Administrators'))^
insert into SEC_PERMISSION (ID, CREATE_TS, CREATED_BY, VERSION, UPDATE_TS, UPDATED_BY, DELETE_TS, DELETED_BY, PERMISSION_TYPE, TARGET, VALUE_, ROLE_ID)
values (newid(), now(), 'system', 1, now(), null, null, null, 20, 'thesissummer$OrderRevaluation:delete', 1, (select ID from SEC_ROLE where NAME = 'Administrators'))^
insert into SEC_PERMISSION (ID, CREATE_TS, CREATED_BY, VERSION, UPDATE_TS, UPDATED_BY, DELETE_TS, DELETED_BY, PERMISSION_TYPE, TARGET, VALUE_, ROLE_ID)
values (newid(), now(), 'system', 1, now(), null, null, null, 20, 'thesissummer$OrderRevaluation:create', 1, (select ID from SEC_ROLE where NAME = 'doc_initiator'))^
insert into SEC_PERMISSION (ID, CREATE_TS, CREATED_BY, VERSION, UPDATE_TS, UPDATED_BY, DELETE_TS, DELETED_BY, PERMISSION_TYPE, TARGET, VALUE_, ROLE_ID)
values (newid(), now(), 'system', 1, now(), null, null, null, 20, 'thesissummer$OrderRevaluation:update', 1, (select ID from SEC_ROLE where NAME = 'doc_initiator'))^
insert into SEC_PERMISSION (ID, CREATE_TS, CREATED_BY, VERSION, UPDATE_TS, UPDATED_BY, DELETE_TS, DELETED_BY, PERMISSION_TYPE, TARGET, VALUE_, ROLE_ID)
values (newid(), now(), 'system', 1, now(), null, null, null, 20, 'thesissummer$OrderRevaluation:delete', 1, (select ID from SEC_ROLE where NAME = 'doc_initiator'))^
-- end insert secPermissions for OrderRevaluation
-- begin insert default numerator for OrderTransfer
CREATE OR REPLACE FUNCTION baseInsert()
RETURNS integer
AS $$
DECLARE
    cnt integer = 0;
BEGIN
cnt = (select count(id) from DF_NUMERATOR where CODE = 'OrderTransferNumerator' and delete_ts is null);
if(cnt = 0) then
    INSERT INTO DF_NUMERATOR (ID, CREATE_TS, CREATED_BY, VERSION, CODE, NUMERATOR_FORMAT, SCRIPT_ENABLED,
                              PERIODICITY, NUMBER_INITIAL_VALUE, LOC_NAME)
    VALUES ('9fb89ffb-d310-44e1-b7f7-62f4589a0cc7', now(), 'system', 1, 'OrderTransferNumerator', '[number]', FALSE, 'Y', 1,
            '{"captionWithLanguageList":[{"language":"ru","caption":"Распоряжение на перечисление субсидий"},{"language":"en","caption":"Order Transfer"}]}'
    );
end if;

return 0;
END;
$$
LANGUAGE plpgsql;
^

select baseInsert()^
drop function if exists baseInsert()^
-- end insert default numerator for OrderTransfer
-- begin insert cardType for OrderTransfer
insert into TS_CARD_TYPE (ID, CREATE_TS, CREATED_BY, NAME, DISCRIMINATOR, FIELDS_XML)
       values ('6caef27c-e462-4e55-b107-438052bd72b4', now(), 'system', 'thesissummer$OrderTransfer', '2500', '<?xml version="1.0" encoding="UTF-8"?>
<fields>
  <field name="date" inDocKind="true" required="false" visible="true" signed="false" />
  <field name="docCategory" inDocKind="true" required="false" visible="true" signed="false" />
  <field name="owner" inDocKind="true" required="false" visible="true" signed="false" />
  <field name="department" inDocKind="true" required="false" visible="true" signed="false" />
  <field name="comment" inDocKind="true" required="false" visible="true" signed="false" />
  <field name="finishDatePlan" inDocKind="true" required="false" visible="true" signed="false" />
  <field name="resolution" inDocKind="true" required="false" visible="true" signed="false" />
  <field name="number" inDocKind="true" required="false" visible="true" signed="false" />
  <field name="organization" inDocKind="true" required="false" visible="true" signed="false" />
  <field name="parentCard" inDocKind="true" required="false" visible="true" signed="false" />
  <field name="theme" inDocKind="true" required="false" visible="true" signed="false" />
</fields>
')^
-- end insert cardType for OrderTransfer
-- begin update procCardType for OrderTransfer
update wf_proc set card_types = regexp_replace(card_types, ',thesissummer\\$OrderTransfer', '') where code in ('Endorsement', 'Resolution', 'Acquaintance', 'Registration')^
update wf_proc set updated_by='system', card_types = card_types || 'thesissummer$OrderTransfer,' where code in ('Endorsement', 'Resolution', 'Acquaintance', 'Registration')^
-- end update procCardType for OrderTransfer
-- begin insert docKind for OrderTransfer
CREATE OR REPLACE FUNCTION baseInsert()
RETURNS integer
AS $$
DECLARE
    cnt integer = 0;
BEGIN
    cnt = (select count(CATEGORY_ID) from DF_DOC_KIND where CATEGORY_ID = 'b5fe93cf-33c3-41cd-b058-9eab11415a1a');
    if (cnt = 0) then
        insert into SYS_CATEGORY (ID, NAME, ENTITY_TYPE, IS_DEFAULT, CREATE_TS, CREATED_BY, VERSION, DISCRIMINATOR)
        values ('b5fe93cf-33c3-41cd-b058-9eab11415a1a', 'Распоряжение на перечисление субсидий', 'thesissummer$OrderTransfer', false, now(), 'system', 1, 1);

        insert into DF_DOC_KIND (CATEGORY_ID, CREATE_TS, CREATED_BY, VERSION, DOC_TYPE_ID, NUMERATOR_ID,
                                 NUMERATOR_TYPE, CATEGORY_ATTRS_PLACE, TAB_NAME, PORTAL_PUBLISH_ALLOWED, DISABLE_ADD_PROCESS_ACTORS, CREATE_ONLY_BY_TEMPLATE)
        values ('b5fe93cf-33c3-41cd-b058-9eab11415a1a', now(), 'system', 1, '6caef27c-e462-4e55-b107-438052bd72b4', '9fb89ffb-d310-44e1-b7f7-62f4589a0cc7',
                1, 1, 'Доп. поля', false, false, false);
end if;
return 0;
END;
$$
LANGUAGE plpgsql;
^
select baseInsert();^
drop function if exists baseInsert();^
-- end insert docKind for OrderTransfer
-- begin insert secPermissions for OrderTransfer
insert into SEC_PERMISSION (ID, CREATE_TS, CREATED_BY, VERSION, UPDATE_TS, UPDATED_BY, DELETE_TS, DELETED_BY, PERMISSION_TYPE, TARGET, VALUE_, ROLE_ID)
values (newid(), now(), 'system', 1, now(), null, null, null, 20, 'thesissummer$OrderTransfer:create', 0, (select ID from SEC_ROLE where NAME = 'SimpleUser'))^
insert into SEC_PERMISSION (ID, CREATE_TS, CREATED_BY, VERSION, UPDATE_TS, UPDATED_BY, DELETE_TS, DELETED_BY, PERMISSION_TYPE, TARGET, VALUE_, ROLE_ID)
values (newid(), now(), 'system', 1, now(), null, null, null, 20, 'thesissummer$OrderTransfer:delete', 0, (select ID from SEC_ROLE where NAME = 'SimpleUser'))^
insert into SEC_PERMISSION (ID, CREATE_TS, CREATED_BY, VERSION, UPDATE_TS, UPDATED_BY, DELETE_TS, DELETED_BY, PERMISSION_TYPE, TARGET, VALUE_, ROLE_ID)
values (newid(), now(), 'system', 1, now(), null, null, null, 20, 'thesissummer$OrderTransfer:create', 1, (select ID from SEC_ROLE where NAME = 'Administrators'))^
insert into SEC_PERMISSION (ID, CREATE_TS, CREATED_BY, VERSION, UPDATE_TS, UPDATED_BY, DELETE_TS, DELETED_BY, PERMISSION_TYPE, TARGET, VALUE_, ROLE_ID)
values (newid(), now(), 'system', 1, now(), null, null, null, 20, 'thesissummer$OrderTransfer:update', 1, (select ID from SEC_ROLE where NAME = 'Administrators'))^
insert into SEC_PERMISSION (ID, CREATE_TS, CREATED_BY, VERSION, UPDATE_TS, UPDATED_BY, DELETE_TS, DELETED_BY, PERMISSION_TYPE, TARGET, VALUE_, ROLE_ID)
values (newid(), now(), 'system', 1, now(), null, null, null, 20, 'thesissummer$OrderTransfer:delete', 1, (select ID from SEC_ROLE where NAME = 'Administrators'))^
insert into SEC_PERMISSION (ID, CREATE_TS, CREATED_BY, VERSION, UPDATE_TS, UPDATED_BY, DELETE_TS, DELETED_BY, PERMISSION_TYPE, TARGET, VALUE_, ROLE_ID)
values (newid(), now(), 'system', 1, now(), null, null, null, 20, 'thesissummer$OrderTransfer:create', 1, (select ID from SEC_ROLE where NAME = 'doc_initiator'))^
insert into SEC_PERMISSION (ID, CREATE_TS, CREATED_BY, VERSION, UPDATE_TS, UPDATED_BY, DELETE_TS, DELETED_BY, PERMISSION_TYPE, TARGET, VALUE_, ROLE_ID)
values (newid(), now(), 'system', 1, now(), null, null, null, 20, 'thesissummer$OrderTransfer:update', 1, (select ID from SEC_ROLE where NAME = 'doc_initiator'))^
insert into SEC_PERMISSION (ID, CREATE_TS, CREATED_BY, VERSION, UPDATE_TS, UPDATED_BY, DELETE_TS, DELETED_BY, PERMISSION_TYPE, TARGET, VALUE_, ROLE_ID)
values (newid(), now(), 'system', 1, now(), null, null, null, 20, 'thesissummer$OrderTransfer:delete', 1, (select ID from SEC_ROLE where NAME = 'doc_initiator'))^
-- end insert secPermissions for OrderTransfer
-- begin insert default numerator for OrderRembursement
CREATE OR REPLACE FUNCTION baseInsert()
RETURNS integer
AS $$
DECLARE
    cnt integer = 0;
BEGIN
cnt = (select count(id) from DF_NUMERATOR where CODE = 'OrderRembursementNumerator' and delete_ts is null);
if(cnt = 0) then
    INSERT INTO DF_NUMERATOR (ID, CREATE_TS, CREATED_BY, VERSION, CODE, NUMERATOR_FORMAT, SCRIPT_ENABLED,
                              PERIODICITY, NUMBER_INITIAL_VALUE, LOC_NAME)
    VALUES ('76d72435-a17d-438f-8eec-cb802fd7eded', now(), 'system', 1, 'OrderRembursementNumerator', '[number]', FALSE, 'Y', 1,
            '{"captionWithLanguageList":[{"language":"ru","caption":"Распоряжение на возмещение субсидий"},{"language":"en","caption":"Order Rembursement"}]}'
    );
end if;

return 0;
END;
$$
LANGUAGE plpgsql;
^

select baseInsert()^
drop function if exists baseInsert()^
-- end insert default numerator for OrderRembursement
-- begin insert cardType for OrderRembursement
insert into TS_CARD_TYPE (ID, CREATE_TS, CREATED_BY, NAME, DISCRIMINATOR, FIELDS_XML)
       values ('f6f338c9-cf2f-4908-b61b-eefface50638', now(), 'system', 'thesissummer$OrderRembursement', '2400', '<?xml version="1.0" encoding="UTF-8"?>
<fields>
  <field name="date" inDocKind="true" required="false" visible="true" signed="false" />
  <field name="docCategory" inDocKind="true" required="false" visible="true" signed="false" />
  <field name="owner" inDocKind="true" required="false" visible="true" signed="false" />
  <field name="department" inDocKind="true" required="false" visible="true" signed="false" />
  <field name="comment" inDocKind="true" required="false" visible="true" signed="false" />
  <field name="finishDatePlan" inDocKind="true" required="false" visible="true" signed="false" />
  <field name="resolution" inDocKind="true" required="false" visible="true" signed="false" />
  <field name="number" inDocKind="true" required="false" visible="true" signed="false" />
  <field name="organization" inDocKind="true" required="false" visible="true" signed="false" />
  <field name="parentCard" inDocKind="true" required="false" visible="true" signed="false" />
  <field name="theme" inDocKind="true" required="false" visible="true" signed="false" />
</fields>
')^
-- end insert cardType for OrderRembursement
-- begin update procCardType for OrderRembursement
update wf_proc set card_types = regexp_replace(card_types, ',thesissummer\\$OrderRembursement', '') where code in ('Endorsement', 'Resolution', 'Acquaintance', 'Registration')^
update wf_proc set updated_by='system', card_types = card_types || 'thesissummer$OrderRembursement,' where code in ('Endorsement', 'Resolution', 'Acquaintance', 'Registration')^
-- end update procCardType for OrderRembursement
-- begin insert docKind for OrderRembursement
CREATE OR REPLACE FUNCTION baseInsert()
RETURNS integer
AS $$
DECLARE
    cnt integer = 0;
BEGIN
    cnt = (select count(CATEGORY_ID) from DF_DOC_KIND where CATEGORY_ID = 'b2060960-fa1b-4503-81a4-c37d68932118');
    if (cnt = 0) then
        insert into SYS_CATEGORY (ID, NAME, ENTITY_TYPE, IS_DEFAULT, CREATE_TS, CREATED_BY, VERSION, DISCRIMINATOR)
        values ('b2060960-fa1b-4503-81a4-c37d68932118', 'Распоряжение на возмещение субсидий', 'thesissummer$OrderRembursement', false, now(), 'system', 1, 1);

        insert into DF_DOC_KIND (CATEGORY_ID, CREATE_TS, CREATED_BY, VERSION, DOC_TYPE_ID, NUMERATOR_ID,
                                 NUMERATOR_TYPE, CATEGORY_ATTRS_PLACE, TAB_NAME, PORTAL_PUBLISH_ALLOWED, DISABLE_ADD_PROCESS_ACTORS, CREATE_ONLY_BY_TEMPLATE)
        values ('b2060960-fa1b-4503-81a4-c37d68932118', now(), 'system', 1, 'f6f338c9-cf2f-4908-b61b-eefface50638', '76d72435-a17d-438f-8eec-cb802fd7eded',
                1, 1, 'Доп. поля', false, false, false);
end if;
return 0;
END;
$$
LANGUAGE plpgsql;
^
select baseInsert();^
drop function if exists baseInsert();^
-- end insert docKind for OrderRembursement
-- begin insert secPermissions for OrderRembursement
insert into SEC_PERMISSION (ID, CREATE_TS, CREATED_BY, VERSION, UPDATE_TS, UPDATED_BY, DELETE_TS, DELETED_BY, PERMISSION_TYPE, TARGET, VALUE_, ROLE_ID)
values (newid(), now(), 'system', 1, now(), null, null, null, 20, 'thesissummer$OrderRembursement:create', 0, (select ID from SEC_ROLE where NAME = 'SimpleUser'))^
insert into SEC_PERMISSION (ID, CREATE_TS, CREATED_BY, VERSION, UPDATE_TS, UPDATED_BY, DELETE_TS, DELETED_BY, PERMISSION_TYPE, TARGET, VALUE_, ROLE_ID)
values (newid(), now(), 'system', 1, now(), null, null, null, 20, 'thesissummer$OrderRembursement:delete', 0, (select ID from SEC_ROLE where NAME = 'SimpleUser'))^
insert into SEC_PERMISSION (ID, CREATE_TS, CREATED_BY, VERSION, UPDATE_TS, UPDATED_BY, DELETE_TS, DELETED_BY, PERMISSION_TYPE, TARGET, VALUE_, ROLE_ID)
values (newid(), now(), 'system', 1, now(), null, null, null, 20, 'thesissummer$OrderRembursement:create', 1, (select ID from SEC_ROLE where NAME = 'Administrators'))^
insert into SEC_PERMISSION (ID, CREATE_TS, CREATED_BY, VERSION, UPDATE_TS, UPDATED_BY, DELETE_TS, DELETED_BY, PERMISSION_TYPE, TARGET, VALUE_, ROLE_ID)
values (newid(), now(), 'system', 1, now(), null, null, null, 20, 'thesissummer$OrderRembursement:update', 1, (select ID from SEC_ROLE where NAME = 'Administrators'))^
insert into SEC_PERMISSION (ID, CREATE_TS, CREATED_BY, VERSION, UPDATE_TS, UPDATED_BY, DELETE_TS, DELETED_BY, PERMISSION_TYPE, TARGET, VALUE_, ROLE_ID)
values (newid(), now(), 'system', 1, now(), null, null, null, 20, 'thesissummer$OrderRembursement:delete', 1, (select ID from SEC_ROLE where NAME = 'Administrators'))^
insert into SEC_PERMISSION (ID, CREATE_TS, CREATED_BY, VERSION, UPDATE_TS, UPDATED_BY, DELETE_TS, DELETED_BY, PERMISSION_TYPE, TARGET, VALUE_, ROLE_ID)
values (newid(), now(), 'system', 1, now(), null, null, null, 20, 'thesissummer$OrderRembursement:create', 1, (select ID from SEC_ROLE where NAME = 'doc_initiator'))^
insert into SEC_PERMISSION (ID, CREATE_TS, CREATED_BY, VERSION, UPDATE_TS, UPDATED_BY, DELETE_TS, DELETED_BY, PERMISSION_TYPE, TARGET, VALUE_, ROLE_ID)
values (newid(), now(), 'system', 1, now(), null, null, null, 20, 'thesissummer$OrderRembursement:update', 1, (select ID from SEC_ROLE where NAME = 'doc_initiator'))^
insert into SEC_PERMISSION (ID, CREATE_TS, CREATED_BY, VERSION, UPDATE_TS, UPDATED_BY, DELETE_TS, DELETED_BY, PERMISSION_TYPE, TARGET, VALUE_, ROLE_ID)
values (newid(), now(), 'system', 1, now(), null, null, null, 20, 'thesissummer$OrderRembursement:delete', 1, (select ID from SEC_ROLE where NAME = 'doc_initiator'))^
-- end insert secPermissions for OrderRembursement
-- begin insert default numerator for OrderPosting
CREATE OR REPLACE FUNCTION baseInsert()
RETURNS integer
AS $$
DECLARE
    cnt integer = 0;
BEGIN
cnt = (select count(id) from DF_NUMERATOR where CODE = 'OrderPostingNumerator' and delete_ts is null);
if(cnt = 0) then
    INSERT INTO DF_NUMERATOR (ID, CREATE_TS, CREATED_BY, VERSION, CODE, NUMERATOR_FORMAT, SCRIPT_ENABLED,
                              PERIODICITY, NUMBER_INITIAL_VALUE, LOC_NAME)
    VALUES ('2353ab98-b4ee-483e-a64c-440d5d83e9a7', now(), 'system', 1, 'OrderPostingNumerator', '[number]', FALSE, 'Y', 1,
            '{"captionWithLanguageList":[{"language":"ru","caption":"${ENTITY_NAME_RU}"},{"language":"en","caption":"OrderPosting"}]}'
    );
end if;

return 0;
END;
$$
LANGUAGE plpgsql;
^

select baseInsert()^
drop function if exists baseInsert()^
-- end insert default numerator for OrderPosting
-- begin insert cardType for OrderPosting
insert into TS_CARD_TYPE (ID, CREATE_TS, CREATED_BY, NAME, DISCRIMINATOR, FIELDS_XML)
       values ('4f1b52dd-ea08-4bc7-b565-34667a12b9c6', now(), 'system', 'thesissummer$OrderPosting', '2300', '<?xml version="1.0" encoding="UTF-8"?>
<fields>
  <field name="date" inDocKind="true" required="false" visible="true" signed="false" />
  <field name="docCategory" inDocKind="true" required="false" visible="true" signed="false" />
  <field name="owner" inDocKind="true" required="false" visible="true" signed="false" />
  <field name="department" inDocKind="true" required="false" visible="true" signed="false" />
  <field name="comment" inDocKind="true" required="false" visible="true" signed="false" />
  <field name="finishDatePlan" inDocKind="true" required="false" visible="true" signed="false" />
  <field name="resolution" inDocKind="true" required="false" visible="true" signed="false" />
  <field name="number" inDocKind="true" required="false" visible="true" signed="false" />
  <field name="organization" inDocKind="true" required="false" visible="true" signed="false" />
  <field name="parentCard" inDocKind="true" required="false" visible="true" signed="false" />
  <field name="theme" inDocKind="true" required="false" visible="true" signed="false" />
</fields>
')^
-- end insert cardType for OrderPosting
-- begin update procCardType for OrderPosting
update wf_proc set card_types = regexp_replace(card_types, ',thesissummer\\$OrderPosting', '') where code in ('Endorsement', 'Resolution', 'Acquaintance', 'Registration')^
update wf_proc set updated_by='system', card_types = card_types || 'thesissummer$OrderPosting,' where code in ('Endorsement', 'Resolution', 'Acquaintance', 'Registration')^
-- end update procCardType for OrderPosting
-- begin insert docKind for OrderPosting
CREATE OR REPLACE FUNCTION baseInsert()
RETURNS integer
AS $$
DECLARE
    cnt integer = 0;
BEGIN
    cnt = (select count(CATEGORY_ID) from DF_DOC_KIND where CATEGORY_ID = '783ca7d9-8757-40b2-8ad4-2ab2803e710d');
    if (cnt = 0) then
        insert into SYS_CATEGORY (ID, NAME, ENTITY_TYPE, IS_DEFAULT, CREATE_TS, CREATED_BY, VERSION, DISCRIMINATOR)
        values ('783ca7d9-8757-40b2-8ad4-2ab2803e710d', '${ENTITY_NAME_LOCAL}', 'thesissummer$OrderPosting', false, now(), 'system', 1, 1);

        insert into DF_DOC_KIND (CATEGORY_ID, CREATE_TS, CREATED_BY, VERSION, DOC_TYPE_ID, NUMERATOR_ID,
                                 NUMERATOR_TYPE, CATEGORY_ATTRS_PLACE, TAB_NAME, PORTAL_PUBLISH_ALLOWED, DISABLE_ADD_PROCESS_ACTORS, CREATE_ONLY_BY_TEMPLATE)
        values ('783ca7d9-8757-40b2-8ad4-2ab2803e710d', now(), 'system', 1, '4f1b52dd-ea08-4bc7-b565-34667a12b9c6', '2353ab98-b4ee-483e-a64c-440d5d83e9a7',
                1, 1, 'Доп. поля', false, false, false);
end if;
return 0;
END;
$$
LANGUAGE plpgsql;
^
select baseInsert();^
drop function if exists baseInsert();^
-- end insert docKind for OrderPosting
-- begin insert secPermissions for OrderPosting
insert into SEC_PERMISSION (ID, CREATE_TS, CREATED_BY, VERSION, UPDATE_TS, UPDATED_BY, DELETE_TS, DELETED_BY, PERMISSION_TYPE, TARGET, VALUE_, ROLE_ID)
values (newid(), now(), 'system', 1, now(), null, null, null, 20, 'thesissummer$OrderPosting:create', 0, (select ID from SEC_ROLE where NAME = 'SimpleUser'))^
insert into SEC_PERMISSION (ID, CREATE_TS, CREATED_BY, VERSION, UPDATE_TS, UPDATED_BY, DELETE_TS, DELETED_BY, PERMISSION_TYPE, TARGET, VALUE_, ROLE_ID)
values (newid(), now(), 'system', 1, now(), null, null, null, 20, 'thesissummer$OrderPosting:delete', 0, (select ID from SEC_ROLE where NAME = 'SimpleUser'))^
insert into SEC_PERMISSION (ID, CREATE_TS, CREATED_BY, VERSION, UPDATE_TS, UPDATED_BY, DELETE_TS, DELETED_BY, PERMISSION_TYPE, TARGET, VALUE_, ROLE_ID)
values (newid(), now(), 'system', 1, now(), null, null, null, 20, 'thesissummer$OrderPosting:create', 1, (select ID from SEC_ROLE where NAME = 'Administrators'))^
insert into SEC_PERMISSION (ID, CREATE_TS, CREATED_BY, VERSION, UPDATE_TS, UPDATED_BY, DELETE_TS, DELETED_BY, PERMISSION_TYPE, TARGET, VALUE_, ROLE_ID)
values (newid(), now(), 'system', 1, now(), null, null, null, 20, 'thesissummer$OrderPosting:update', 1, (select ID from SEC_ROLE where NAME = 'Administrators'))^
insert into SEC_PERMISSION (ID, CREATE_TS, CREATED_BY, VERSION, UPDATE_TS, UPDATED_BY, DELETE_TS, DELETED_BY, PERMISSION_TYPE, TARGET, VALUE_, ROLE_ID)
values (newid(), now(), 'system', 1, now(), null, null, null, 20, 'thesissummer$OrderPosting:delete', 1, (select ID from SEC_ROLE where NAME = 'Administrators'))^
insert into SEC_PERMISSION (ID, CREATE_TS, CREATED_BY, VERSION, UPDATE_TS, UPDATED_BY, DELETE_TS, DELETED_BY, PERMISSION_TYPE, TARGET, VALUE_, ROLE_ID)
values (newid(), now(), 'system', 1, now(), null, null, null, 20, 'thesissummer$OrderPosting:create', 1, (select ID from SEC_ROLE where NAME = 'doc_initiator'))^
insert into SEC_PERMISSION (ID, CREATE_TS, CREATED_BY, VERSION, UPDATE_TS, UPDATED_BY, DELETE_TS, DELETED_BY, PERMISSION_TYPE, TARGET, VALUE_, ROLE_ID)
values (newid(), now(), 'system', 1, now(), null, null, null, 20, 'thesissummer$OrderPosting:update', 1, (select ID from SEC_ROLE where NAME = 'doc_initiator'))^
insert into SEC_PERMISSION (ID, CREATE_TS, CREATED_BY, VERSION, UPDATE_TS, UPDATED_BY, DELETE_TS, DELETED_BY, PERMISSION_TYPE, TARGET, VALUE_, ROLE_ID)
values (newid(), now(), 'system', 1, now(), null, null, null, 20, 'thesissummer$OrderPosting:delete', 1, (select ID from SEC_ROLE where NAME = 'doc_initiator'))^
-- end insert secPermissions for OrderPosting
-- begin insert default numerator for OrderReturn
CREATE OR REPLACE FUNCTION baseInsert()
RETURNS integer
AS $$
DECLARE
    cnt integer = 0;
BEGIN
cnt = (select count(id) from DF_NUMERATOR where CODE = 'OrderReturnNumerator' and delete_ts is null);
if(cnt = 0) then
    INSERT INTO DF_NUMERATOR (ID, CREATE_TS, CREATED_BY, VERSION, CODE, NUMERATOR_FORMAT, SCRIPT_ENABLED,
                              PERIODICITY, NUMBER_INITIAL_VALUE, LOC_NAME)
    VALUES ('3bfd1eb6-a649-4661-a74d-c26724a478f7', now(), 'system', 1, 'OrderReturnNumerator', '[number]', FALSE, 'Y', 1,
            '{"captionWithLanguageList":[{"language":"ru","caption":"Распоряжение на возврат неисполненных субсидий"},{"language":"en","caption":"OrderReturn"}]}'
    );
end if;

return 0;
END;
$$
LANGUAGE plpgsql;
^

select baseInsert()^
drop function if exists baseInsert()^
-- end insert default numerator for OrderReturn
-- begin insert cardType for OrderReturn
insert into TS_CARD_TYPE (ID, CREATE_TS, CREATED_BY, NAME, DISCRIMINATOR, FIELDS_XML)
       values ('a96ef587-e13f-436c-b1d5-4508e97f9347', now(), 'system', 'thesissummer$OrderReturn', '2600', '<?xml version="1.0" encoding="UTF-8"?>
<fields>
  <field name="date" inDocKind="true" required="false" visible="true" signed="false" />
  <field name="docCategory" inDocKind="true" required="false" visible="true" signed="false" />
  <field name="owner" inDocKind="true" required="false" visible="true" signed="false" />
  <field name="department" inDocKind="true" required="false" visible="true" signed="false" />
  <field name="comment" inDocKind="true" required="false" visible="true" signed="false" />
  <field name="finishDatePlan" inDocKind="true" required="false" visible="true" signed="false" />
  <field name="resolution" inDocKind="true" required="false" visible="true" signed="false" />
  <field name="number" inDocKind="true" required="false" visible="true" signed="false" />
  <field name="organization" inDocKind="true" required="false" visible="true" signed="false" />
  <field name="parentCard" inDocKind="true" required="false" visible="true" signed="false" />
  <field name="theme" inDocKind="true" required="false" visible="true" signed="false" />
</fields>
')^
-- end insert cardType for OrderReturn
-- begin update procCardType for OrderReturn
update wf_proc set card_types = regexp_replace(card_types, ',thesissummer\\$OrderReturn', '') where code in ('Endorsement', 'Resolution', 'Acquaintance', 'Registration')^
update wf_proc set updated_by='system', card_types = card_types || 'thesissummer$OrderReturn,' where code in ('Endorsement', 'Resolution', 'Acquaintance', 'Registration')^
-- end update procCardType for OrderReturn
-- begin insert docKind for OrderReturn
CREATE OR REPLACE FUNCTION baseInsert()
RETURNS integer
AS $$
DECLARE
    cnt integer = 0;
BEGIN
    cnt = (select count(CATEGORY_ID) from DF_DOC_KIND where CATEGORY_ID = 'df44704f-047b-4cb2-9920-49d6f6ba830f');
    if (cnt = 0) then
        insert into SYS_CATEGORY (ID, NAME, ENTITY_TYPE, IS_DEFAULT, CREATE_TS, CREATED_BY, VERSION, DISCRIMINATOR)
        values ('df44704f-047b-4cb2-9920-49d6f6ba830f', 'Распоряжение на возврат неисполненных субсидий', 'thesissummer$OrderReturn', false, now(), 'system', 1, 1);

        insert into DF_DOC_KIND (CATEGORY_ID, CREATE_TS, CREATED_BY, VERSION, DOC_TYPE_ID, NUMERATOR_ID,
                                 NUMERATOR_TYPE, CATEGORY_ATTRS_PLACE, TAB_NAME, PORTAL_PUBLISH_ALLOWED, DISABLE_ADD_PROCESS_ACTORS, CREATE_ONLY_BY_TEMPLATE)
        values ('df44704f-047b-4cb2-9920-49d6f6ba830f', now(), 'system', 1, 'a96ef587-e13f-436c-b1d5-4508e97f9347', '3bfd1eb6-a649-4661-a74d-c26724a478f7',
                1, 1, 'Доп. поля', false, false, false);
end if;
return 0;
END;
$$
LANGUAGE plpgsql;
^
select baseInsert();^
drop function if exists baseInsert();^
-- end insert docKind for OrderReturn
-- begin insert secPermissions for OrderReturn
insert into SEC_PERMISSION (ID, CREATE_TS, CREATED_BY, VERSION, UPDATE_TS, UPDATED_BY, DELETE_TS, DELETED_BY, PERMISSION_TYPE, TARGET, VALUE_, ROLE_ID)
values (newid(), now(), 'system', 1, now(), null, null, null, 20, 'thesissummer$OrderReturn:create', 0, (select ID from SEC_ROLE where NAME = 'SimpleUser'))^
insert into SEC_PERMISSION (ID, CREATE_TS, CREATED_BY, VERSION, UPDATE_TS, UPDATED_BY, DELETE_TS, DELETED_BY, PERMISSION_TYPE, TARGET, VALUE_, ROLE_ID)
values (newid(), now(), 'system', 1, now(), null, null, null, 20, 'thesissummer$OrderReturn:delete', 0, (select ID from SEC_ROLE where NAME = 'SimpleUser'))^
insert into SEC_PERMISSION (ID, CREATE_TS, CREATED_BY, VERSION, UPDATE_TS, UPDATED_BY, DELETE_TS, DELETED_BY, PERMISSION_TYPE, TARGET, VALUE_, ROLE_ID)
values (newid(), now(), 'system', 1, now(), null, null, null, 20, 'thesissummer$OrderReturn:create', 1, (select ID from SEC_ROLE where NAME = 'Administrators'))^
insert into SEC_PERMISSION (ID, CREATE_TS, CREATED_BY, VERSION, UPDATE_TS, UPDATED_BY, DELETE_TS, DELETED_BY, PERMISSION_TYPE, TARGET, VALUE_, ROLE_ID)
values (newid(), now(), 'system', 1, now(), null, null, null, 20, 'thesissummer$OrderReturn:update', 1, (select ID from SEC_ROLE where NAME = 'Administrators'))^
insert into SEC_PERMISSION (ID, CREATE_TS, CREATED_BY, VERSION, UPDATE_TS, UPDATED_BY, DELETE_TS, DELETED_BY, PERMISSION_TYPE, TARGET, VALUE_, ROLE_ID)
values (newid(), now(), 'system', 1, now(), null, null, null, 20, 'thesissummer$OrderReturn:delete', 1, (select ID from SEC_ROLE where NAME = 'Administrators'))^
insert into SEC_PERMISSION (ID, CREATE_TS, CREATED_BY, VERSION, UPDATE_TS, UPDATED_BY, DELETE_TS, DELETED_BY, PERMISSION_TYPE, TARGET, VALUE_, ROLE_ID)
values (newid(), now(), 'system', 1, now(), null, null, null, 20, 'thesissummer$OrderReturn:create', 1, (select ID from SEC_ROLE where NAME = 'doc_initiator'))^
insert into SEC_PERMISSION (ID, CREATE_TS, CREATED_BY, VERSION, UPDATE_TS, UPDATED_BY, DELETE_TS, DELETED_BY, PERMISSION_TYPE, TARGET, VALUE_, ROLE_ID)
values (newid(), now(), 'system', 1, now(), null, null, null, 20, 'thesissummer$OrderReturn:update', 1, (select ID from SEC_ROLE where NAME = 'doc_initiator'))^
insert into SEC_PERMISSION (ID, CREATE_TS, CREATED_BY, VERSION, UPDATE_TS, UPDATED_BY, DELETE_TS, DELETED_BY, PERMISSION_TYPE, TARGET, VALUE_, ROLE_ID)
values (newid(), now(), 'system', 1, now(), null, null, null, 20, 'thesissummer$OrderReturn:delete', 1, (select ID from SEC_ROLE where NAME = 'doc_initiator'))^
-- end insert secPermissions for OrderReturn
-- begin update discriminator for ExtDepartment
update DF_CORRESPONDENT set TYPE = 'A' where TYPE = 'D' ^
-- end update discriminator for ExtDepartment
-- begin update discriminator for ExtEmployee
update DF_CORRESPONDENT set TYPE = 'X' where TYPE = 'E' ^
-- end update discriminator for ExtEmployee
-- begin insert default numerator for OrderReturn1
CREATE OR REPLACE FUNCTION baseInsert()
RETURNS integer
AS $$
DECLARE
    cnt integer = 0;
BEGIN
cnt = (select count(id) from DF_NUMERATOR where CODE = 'OrderReturn1Numerator' and delete_ts is null);
if(cnt = 0) then
    INSERT INTO DF_NUMERATOR (ID, CREATE_TS, CREATED_BY, VERSION, CODE, NUMERATOR_FORMAT, SCRIPT_ENABLED,
                              PERIODICITY, NUMBER_INITIAL_VALUE, LOC_NAME)
    VALUES ('86bfe28d-2422-4e20-b820-53dee721c155', now(), 'system', 1, 'OrderReturn1Numerator', '[number]', FALSE, 'Y', 1,
            '{"captionWithLanguageList":[{"language":"ru","caption":"Распоряжение на возврат неиспользолванных субсидий"},{"language":"en","caption":"OrderReturn1"}]}'
    );
end if;

return 0;
END;
$$
LANGUAGE plpgsql;
^

select baseInsert()^
drop function if exists baseInsert()^
-- end insert default numerator for OrderReturn1
-- begin insert cardType for OrderReturn1
insert into TS_CARD_TYPE (ID, CREATE_TS, CREATED_BY, NAME, DISCRIMINATOR, FIELDS_XML)
       values ('c1cba485-b839-4ab7-9d69-499ea66eee89', now(), 'system', 'thesissummer$OrderReturn1', '2700', '<?xml version="1.0" encoding="UTF-8"?>
<fields>
  <field name="date" inDocKind="true" required="false" visible="true" signed="false" />
  <field name="docCategory" inDocKind="true" required="false" visible="true" signed="false" />
  <field name="owner" inDocKind="true" required="false" visible="true" signed="false" />
  <field name="department" inDocKind="true" required="false" visible="true" signed="false" />
  <field name="comment" inDocKind="true" required="false" visible="true" signed="false" />
  <field name="finishDatePlan" inDocKind="true" required="false" visible="true" signed="false" />
  <field name="resolution" inDocKind="true" required="false" visible="true" signed="false" />
  <field name="number" inDocKind="true" required="false" visible="true" signed="false" />
  <field name="organization" inDocKind="true" required="false" visible="true" signed="false" />
  <field name="parentCard" inDocKind="true" required="false" visible="true" signed="false" />
  <field name="theme" inDocKind="true" required="false" visible="true" signed="false" />
  <field name="nomer" inDocKind="true" required="false" visible="true" signed="false" />
  <field name="data" inDocKind="true" required="false" visible="true" signed="false" />
  <field name="podrazdelenie" inDocKind="true" required="false" visible="true" signed="false" />
  <field name="schetKorporacii" inDocKind="true" required="false" visible="true" signed="false" />
  <field name="bankOrganizacii" inDocKind="true" required="false" visible="true" signed="false" />
  <field name="bikBanka" inDocKind="true" required="false" visible="true" signed="false" />
  <field name="podrazdelenieOblast" inDocKind="true" required="false" visible="true" signed="false" />
  <field name="kvartal" inDocKind="true" required="false" visible="true" signed="false" />
  <field name="bikPoluchatelya" inDocKind="true" required="false" visible="true" signed="false" />
  <field name="shetPoluchatelya" inDocKind="true" required="false" visible="true" signed="false" />
  <field name="dogovorSubsidirovaniyaOsnovnoi" inDocKind="true" required="false" visible="true" signed="false" />
  <field name="rabochiyOrganOperator" inDocKind="true" required="false" visible="true" signed="false" />
  <field name="kvartal2" inDocKind="true" required="false" visible="true" signed="false" />
  <field name="podrazdelenieOblast2" inDocKind="true" required="false" visible="true" signed="false" />
  <field name="avtor" inDocKind="true" required="false" visible="true" signed="false" />
  <field name="summaSubsidiyObshayaOtkloneniya" inDocKind="true" required="false" visible="true" signed="false" />
</fields>
')^
-- end insert cardType for OrderReturn1
-- begin update procCardType for OrderReturn1
update wf_proc set card_types = regexp_replace(card_types, ',thesissummer\\$OrderReturn1', '') where code in ('Endorsement', 'Resolution', 'Acquaintance', 'Registration')^
update wf_proc set updated_by='system', card_types = card_types || 'thesissummer$OrderReturn1,' where code in ('Endorsement', 'Resolution', 'Acquaintance', 'Registration')^
-- end update procCardType for OrderReturn1
-- begin insert docKind for OrderReturn1
CREATE OR REPLACE FUNCTION baseInsert()
RETURNS integer
AS $$
DECLARE
    cnt integer = 0;
BEGIN
    cnt = (select count(CATEGORY_ID) from DF_DOC_KIND where CATEGORY_ID = 'c10f874b-561e-4fdc-bce0-b1d836e9b27a');
    if (cnt = 0) then
        insert into SYS_CATEGORY (ID, NAME, ENTITY_TYPE, IS_DEFAULT, CREATE_TS, CREATED_BY, VERSION, DISCRIMINATOR)
        values ('c10f874b-561e-4fdc-bce0-b1d836e9b27a', 'Распоряжение на возврат неиспользолванных субсидий', 'thesissummer$OrderReturn1', false, now(), 'system', 1, 1);

        insert into DF_DOC_KIND (CATEGORY_ID, CREATE_TS, CREATED_BY, VERSION, DOC_TYPE_ID, NUMERATOR_ID,
                                 NUMERATOR_TYPE, CATEGORY_ATTRS_PLACE, TAB_NAME, PORTAL_PUBLISH_ALLOWED, DISABLE_ADD_PROCESS_ACTORS, CREATE_ONLY_BY_TEMPLATE)
        values ('c10f874b-561e-4fdc-bce0-b1d836e9b27a', now(), 'system', 1, 'c1cba485-b839-4ab7-9d69-499ea66eee89', '86bfe28d-2422-4e20-b820-53dee721c155',
                1, 1, 'Доп. поля', false, false, false);
end if;
return 0;
END;
$$
LANGUAGE plpgsql;
^
select baseInsert();^
drop function if exists baseInsert();^
-- end insert docKind for OrderReturn1
-- begin insert secPermissions for OrderReturn1
insert into SEC_PERMISSION (ID, CREATE_TS, CREATED_BY, VERSION, UPDATE_TS, UPDATED_BY, DELETE_TS, DELETED_BY, PERMISSION_TYPE, TARGET, VALUE_, ROLE_ID)
values (newid(), now(), 'system', 1, now(), null, null, null, 20, 'thesissummer$OrderReturn1:create', 0, (select ID from SEC_ROLE where NAME = 'SimpleUser'))^
insert into SEC_PERMISSION (ID, CREATE_TS, CREATED_BY, VERSION, UPDATE_TS, UPDATED_BY, DELETE_TS, DELETED_BY, PERMISSION_TYPE, TARGET, VALUE_, ROLE_ID)
values (newid(), now(), 'system', 1, now(), null, null, null, 20, 'thesissummer$OrderReturn1:delete', 0, (select ID from SEC_ROLE where NAME = 'SimpleUser'))^
insert into SEC_PERMISSION (ID, CREATE_TS, CREATED_BY, VERSION, UPDATE_TS, UPDATED_BY, DELETE_TS, DELETED_BY, PERMISSION_TYPE, TARGET, VALUE_, ROLE_ID)
values (newid(), now(), 'system', 1, now(), null, null, null, 20, 'thesissummer$OrderReturn1:create', 1, (select ID from SEC_ROLE where NAME = 'Administrators'))^
insert into SEC_PERMISSION (ID, CREATE_TS, CREATED_BY, VERSION, UPDATE_TS, UPDATED_BY, DELETE_TS, DELETED_BY, PERMISSION_TYPE, TARGET, VALUE_, ROLE_ID)
values (newid(), now(), 'system', 1, now(), null, null, null, 20, 'thesissummer$OrderReturn1:update', 1, (select ID from SEC_ROLE where NAME = 'Administrators'))^
insert into SEC_PERMISSION (ID, CREATE_TS, CREATED_BY, VERSION, UPDATE_TS, UPDATED_BY, DELETE_TS, DELETED_BY, PERMISSION_TYPE, TARGET, VALUE_, ROLE_ID)
values (newid(), now(), 'system', 1, now(), null, null, null, 20, 'thesissummer$OrderReturn1:delete', 1, (select ID from SEC_ROLE where NAME = 'Administrators'))^
insert into SEC_PERMISSION (ID, CREATE_TS, CREATED_BY, VERSION, UPDATE_TS, UPDATED_BY, DELETE_TS, DELETED_BY, PERMISSION_TYPE, TARGET, VALUE_, ROLE_ID)
values (newid(), now(), 'system', 1, now(), null, null, null, 20, 'thesissummer$OrderReturn1:create', 1, (select ID from SEC_ROLE where NAME = 'doc_initiator'))^
insert into SEC_PERMISSION (ID, CREATE_TS, CREATED_BY, VERSION, UPDATE_TS, UPDATED_BY, DELETE_TS, DELETED_BY, PERMISSION_TYPE, TARGET, VALUE_, ROLE_ID)
values (newid(), now(), 'system', 1, now(), null, null, null, 20, 'thesissummer$OrderReturn1:update', 1, (select ID from SEC_ROLE where NAME = 'doc_initiator'))^
insert into SEC_PERMISSION (ID, CREATE_TS, CREATED_BY, VERSION, UPDATE_TS, UPDATED_BY, DELETE_TS, DELETED_BY, PERMISSION_TYPE, TARGET, VALUE_, ROLE_ID)
values (newid(), now(), 'system', 1, now(), null, null, null, 20, 'thesissummer$OrderReturn1:delete', 1, (select ID from SEC_ROLE where NAME = 'doc_initiator'))^
-- end insert secPermissions for OrderReturn1
-- begin insert default numerator for Projectmemo
CREATE OR REPLACE FUNCTION baseInsert()
RETURNS integer
AS $$
DECLARE
    cnt integer = 0;
BEGIN
cnt = (select count(id) from DF_NUMERATOR where CODE = 'ProjectmemoNumerator' and delete_ts is null);
if(cnt = 0) then
    INSERT INTO DF_NUMERATOR (ID, CREATE_TS, CREATED_BY, VERSION, CODE, NUMERATOR_FORMAT, SCRIPT_ENABLED,
                              PERIODICITY, NUMBER_INITIAL_VALUE, LOC_NAME)
    VALUES ('e6e9dc14-b3fd-435f-9397-fa5a860404d5', now(), 'system', 1, 'ProjectmemoNumerator', '[number]', FALSE, 'Y', 1,
            '{"captionWithLanguageList":[{"language":"ru","caption":"Projectmemo"},{"language":"en","caption":"Projectmemo"}]}'
    );
end if;

return 0;
END;
$$
LANGUAGE plpgsql;
^

select baseInsert()^
drop function if exists baseInsert()^
-- end insert default numerator for Projectmemo
-- begin insert cardType for Projectmemo
insert into TS_CARD_TYPE (ID, CREATE_TS, CREATED_BY, NAME, DISCRIMINATOR, FIELDS_XML)
       values ('f1bd71e3-2905-47e6-a681-dbfd708bf50d', now(), 'system', 'thesissummer$Projectmemo', '2900', '<?xml version="1.0" encoding="UTF-8"?>
<fields>
  <field name="date" inDocKind="true" required="false" visible="true" signed="false" />
  <field name="docCategory" inDocKind="true" required="false" visible="true" signed="false" />
  <field name="owner" inDocKind="true" required="false" visible="true" signed="false" />
  <field name="department" inDocKind="true" required="false" visible="true" signed="false" />
  <field name="comment" inDocKind="true" required="false" visible="true" signed="false" />
  <field name="finishDatePlan" inDocKind="true" required="false" visible="true" signed="false" />
  <field name="resolution" inDocKind="true" required="false" visible="true" signed="false" />
  <field name="number" inDocKind="true" required="false" visible="true" signed="false" />
  <field name="organization" inDocKind="true" required="false" visible="true" signed="false" />
  <field name="parentCard" inDocKind="true" required="false" visible="true" signed="false" />
  <field name="theme" inDocKind="true" required="false" visible="true" signed="false" />
</fields>
')^
-- end insert cardType for Projectmemo
-- begin update procCardType for Projectmemo
update wf_proc set card_types = regexp_replace(card_types, ',thesissummer\\$Projectmemo', '') where code in ('Endorsement', 'Resolution', 'Acquaintance', 'Registration')^
update wf_proc set updated_by='system', card_types = card_types || 'thesissummer$Projectmemo,' where code in ('Endorsement', 'Resolution', 'Acquaintance', 'Registration')^
-- end update procCardType for Projectmemo
-- begin insert docKind for Projectmemo
CREATE OR REPLACE FUNCTION baseInsert()
RETURNS integer
AS $$
DECLARE
    cnt integer = 0;
BEGIN
    cnt = (select count(CATEGORY_ID) from DF_DOC_KIND where CATEGORY_ID = '31586d85-726f-4faa-9123-08d76b754cb8');
    if (cnt = 0) then
        insert into SYS_CATEGORY (ID, NAME, ENTITY_TYPE, IS_DEFAULT, CREATE_TS, CREATED_BY, VERSION, DISCRIMINATOR)
        values ('31586d85-726f-4faa-9123-08d76b754cb8', 'Projectmemo', 'thesissummer$Projectmemo', false, now(), 'system', 1, 1);

        insert into DF_DOC_KIND (CATEGORY_ID, CREATE_TS, CREATED_BY, VERSION, DOC_TYPE_ID, NUMERATOR_ID,
                                 NUMERATOR_TYPE, CATEGORY_ATTRS_PLACE, TAB_NAME, PORTAL_PUBLISH_ALLOWED, DISABLE_ADD_PROCESS_ACTORS, CREATE_ONLY_BY_TEMPLATE)
        values ('31586d85-726f-4faa-9123-08d76b754cb8', now(), 'system', 1, 'f1bd71e3-2905-47e6-a681-dbfd708bf50d', 'e6e9dc14-b3fd-435f-9397-fa5a860404d5',
                1, 1, 'Доп. поля', false, false, false);
end if;
return 0;
END;
$$
LANGUAGE plpgsql;
^
select baseInsert();^
drop function if exists baseInsert();^
-- end insert docKind for Projectmemo
-- begin insert secPermissions for Projectmemo
insert into SEC_PERMISSION (ID, CREATE_TS, CREATED_BY, VERSION, UPDATE_TS, UPDATED_BY, DELETE_TS, DELETED_BY, PERMISSION_TYPE, TARGET, VALUE_, ROLE_ID)
values (newid(), now(), 'system', 1, now(), null, null, null, 20, 'thesissummer$Projectmemo:create', 0, (select ID from SEC_ROLE where NAME = 'SimpleUser'))^
insert into SEC_PERMISSION (ID, CREATE_TS, CREATED_BY, VERSION, UPDATE_TS, UPDATED_BY, DELETE_TS, DELETED_BY, PERMISSION_TYPE, TARGET, VALUE_, ROLE_ID)
values (newid(), now(), 'system', 1, now(), null, null, null, 20, 'thesissummer$Projectmemo:delete', 0, (select ID from SEC_ROLE where NAME = 'SimpleUser'))^
insert into SEC_PERMISSION (ID, CREATE_TS, CREATED_BY, VERSION, UPDATE_TS, UPDATED_BY, DELETE_TS, DELETED_BY, PERMISSION_TYPE, TARGET, VALUE_, ROLE_ID)
values (newid(), now(), 'system', 1, now(), null, null, null, 20, 'thesissummer$Projectmemo:create', 1, (select ID from SEC_ROLE where NAME = 'Administrators'))^
insert into SEC_PERMISSION (ID, CREATE_TS, CREATED_BY, VERSION, UPDATE_TS, UPDATED_BY, DELETE_TS, DELETED_BY, PERMISSION_TYPE, TARGET, VALUE_, ROLE_ID)
values (newid(), now(), 'system', 1, now(), null, null, null, 20, 'thesissummer$Projectmemo:update', 1, (select ID from SEC_ROLE where NAME = 'Administrators'))^
insert into SEC_PERMISSION (ID, CREATE_TS, CREATED_BY, VERSION, UPDATE_TS, UPDATED_BY, DELETE_TS, DELETED_BY, PERMISSION_TYPE, TARGET, VALUE_, ROLE_ID)
values (newid(), now(), 'system', 1, now(), null, null, null, 20, 'thesissummer$Projectmemo:delete', 1, (select ID from SEC_ROLE where NAME = 'Administrators'))^
insert into SEC_PERMISSION (ID, CREATE_TS, CREATED_BY, VERSION, UPDATE_TS, UPDATED_BY, DELETE_TS, DELETED_BY, PERMISSION_TYPE, TARGET, VALUE_, ROLE_ID)
values (newid(), now(), 'system', 1, now(), null, null, null, 20, 'thesissummer$Projectmemo:create', 1, (select ID from SEC_ROLE where NAME = 'doc_initiator'))^
insert into SEC_PERMISSION (ID, CREATE_TS, CREATED_BY, VERSION, UPDATE_TS, UPDATED_BY, DELETE_TS, DELETED_BY, PERMISSION_TYPE, TARGET, VALUE_, ROLE_ID)
values (newid(), now(), 'system', 1, now(), null, null, null, 20, 'thesissummer$Projectmemo:update', 1, (select ID from SEC_ROLE where NAME = 'doc_initiator'))^
insert into SEC_PERMISSION (ID, CREATE_TS, CREATED_BY, VERSION, UPDATE_TS, UPDATED_BY, DELETE_TS, DELETED_BY, PERMISSION_TYPE, TARGET, VALUE_, ROLE_ID)
values (newid(), now(), 'system', 1, now(), null, null, null, 20, 'thesissummer$Projectmemo:delete', 1, (select ID from SEC_ROLE where NAME = 'doc_initiator'))^
-- end insert secPermissions for Projectmemo
-- begin insert default numerator for Memo
CREATE OR REPLACE FUNCTION baseInsert()
RETURNS integer
AS $$
DECLARE
    cnt integer = 0;
BEGIN
cnt = (select count(id) from DF_NUMERATOR where CODE = 'MemoNumerator' and delete_ts is null);
if(cnt = 0) then
    INSERT INTO DF_NUMERATOR (ID, CREATE_TS, CREATED_BY, VERSION, CODE, NUMERATOR_FORMAT, SCRIPT_ENABLED,
                              PERIODICITY, NUMBER_INITIAL_VALUE, LOC_NAME)
    VALUES ('a1ce7867-8fa7-4e24-a3ef-5061135a44f1', now(), 'system', 1, 'MemoNumerator', '[number]', FALSE, 'Y', 1,
            '{"captionWithLanguageList":[{"language":"ru","caption":"Memo"},{"language":"en","caption":"Memo"}]}'
    );
end if;

return 0;
END;
$$
LANGUAGE plpgsql;
^

select baseInsert()^
drop function if exists baseInsert()^
-- end insert default numerator for Memo
-- begin insert cardType for Memo
insert into TS_CARD_TYPE (ID, CREATE_TS, CREATED_BY, NAME, DISCRIMINATOR, FIELDS_XML)
       values ('641f779d-49c8-4b3b-b0ed-47f70e282687', now(), 'system', 'thesissummer$Memo', '2800', '<?xml version="1.0" encoding="UTF-8"?>
<fields>
  <field name="date" inDocKind="true" required="false" visible="true" signed="false" />
  <field name="docCategory" inDocKind="true" required="false" visible="true" signed="false" />
  <field name="owner" inDocKind="true" required="false" visible="true" signed="false" />
  <field name="department" inDocKind="true" required="false" visible="true" signed="false" />
  <field name="comment" inDocKind="true" required="false" visible="true" signed="false" />
  <field name="finishDatePlan" inDocKind="true" required="false" visible="true" signed="false" />
  <field name="resolution" inDocKind="true" required="false" visible="true" signed="false" />
  <field name="number" inDocKind="true" required="false" visible="true" signed="false" />
  <field name="organization" inDocKind="true" required="false" visible="true" signed="false" />
  <field name="parentCard" inDocKind="true" required="false" visible="true" signed="false" />
  <field name="theme" inDocKind="true" required="false" visible="true" signed="false" />
</fields>
')^
-- end insert cardType for Memo
-- begin update procCardType for Memo
update wf_proc set card_types = regexp_replace(card_types, ',thesissummer\\$Memo', '') where code in ('Endorsement', 'Resolution', 'Acquaintance', 'Registration')^
update wf_proc set updated_by='system', card_types = card_types || 'thesissummer$Memo,' where code in ('Endorsement', 'Resolution', 'Acquaintance', 'Registration')^
-- end update procCardType for Memo
-- begin insert docKind for Memo
CREATE OR REPLACE FUNCTION baseInsert()
RETURNS integer
AS $$
DECLARE
    cnt integer = 0;
BEGIN
    cnt = (select count(CATEGORY_ID) from DF_DOC_KIND where CATEGORY_ID = '1675f2e6-45bb-474f-aaf2-6e6e56b32443');
    if (cnt = 0) then
        insert into SYS_CATEGORY (ID, NAME, ENTITY_TYPE, IS_DEFAULT, CREATE_TS, CREATED_BY, VERSION, DISCRIMINATOR)
        values ('1675f2e6-45bb-474f-aaf2-6e6e56b32443', 'Memo', 'thesissummer$Memo', false, now(), 'system', 1, 1);

        insert into DF_DOC_KIND (CATEGORY_ID, CREATE_TS, CREATED_BY, VERSION, DOC_TYPE_ID, NUMERATOR_ID,
                                 NUMERATOR_TYPE, CATEGORY_ATTRS_PLACE, TAB_NAME, PORTAL_PUBLISH_ALLOWED, DISABLE_ADD_PROCESS_ACTORS, CREATE_ONLY_BY_TEMPLATE)
        values ('1675f2e6-45bb-474f-aaf2-6e6e56b32443', now(), 'system', 1, '641f779d-49c8-4b3b-b0ed-47f70e282687', 'a1ce7867-8fa7-4e24-a3ef-5061135a44f1',
                1, 1, 'Доп. поля', false, false, false);
end if;
return 0;
END;
$$
LANGUAGE plpgsql;
^
select baseInsert();^
drop function if exists baseInsert();^
-- end insert docKind for Memo
-- begin insert secPermissions for Memo
insert into SEC_PERMISSION (ID, CREATE_TS, CREATED_BY, VERSION, UPDATE_TS, UPDATED_BY, DELETE_TS, DELETED_BY, PERMISSION_TYPE, TARGET, VALUE_, ROLE_ID)
values (newid(), now(), 'system', 1, now(), null, null, null, 20, 'thesissummer$Memo:create', 0, (select ID from SEC_ROLE where NAME = 'SimpleUser'))^
insert into SEC_PERMISSION (ID, CREATE_TS, CREATED_BY, VERSION, UPDATE_TS, UPDATED_BY, DELETE_TS, DELETED_BY, PERMISSION_TYPE, TARGET, VALUE_, ROLE_ID)
values (newid(), now(), 'system', 1, now(), null, null, null, 20, 'thesissummer$Memo:delete', 0, (select ID from SEC_ROLE where NAME = 'SimpleUser'))^
insert into SEC_PERMISSION (ID, CREATE_TS, CREATED_BY, VERSION, UPDATE_TS, UPDATED_BY, DELETE_TS, DELETED_BY, PERMISSION_TYPE, TARGET, VALUE_, ROLE_ID)
values (newid(), now(), 'system', 1, now(), null, null, null, 20, 'thesissummer$Memo:create', 1, (select ID from SEC_ROLE where NAME = 'Administrators'))^
insert into SEC_PERMISSION (ID, CREATE_TS, CREATED_BY, VERSION, UPDATE_TS, UPDATED_BY, DELETE_TS, DELETED_BY, PERMISSION_TYPE, TARGET, VALUE_, ROLE_ID)
values (newid(), now(), 'system', 1, now(), null, null, null, 20, 'thesissummer$Memo:update', 1, (select ID from SEC_ROLE where NAME = 'Administrators'))^
insert into SEC_PERMISSION (ID, CREATE_TS, CREATED_BY, VERSION, UPDATE_TS, UPDATED_BY, DELETE_TS, DELETED_BY, PERMISSION_TYPE, TARGET, VALUE_, ROLE_ID)
values (newid(), now(), 'system', 1, now(), null, null, null, 20, 'thesissummer$Memo:delete', 1, (select ID from SEC_ROLE where NAME = 'Administrators'))^
insert into SEC_PERMISSION (ID, CREATE_TS, CREATED_BY, VERSION, UPDATE_TS, UPDATED_BY, DELETE_TS, DELETED_BY, PERMISSION_TYPE, TARGET, VALUE_, ROLE_ID)
values (newid(), now(), 'system', 1, now(), null, null, null, 20, 'thesissummer$Memo:create', 1, (select ID from SEC_ROLE where NAME = 'doc_initiator'))^
insert into SEC_PERMISSION (ID, CREATE_TS, CREATED_BY, VERSION, UPDATE_TS, UPDATED_BY, DELETE_TS, DELETED_BY, PERMISSION_TYPE, TARGET, VALUE_, ROLE_ID)
values (newid(), now(), 'system', 1, now(), null, null, null, 20, 'thesissummer$Memo:update', 1, (select ID from SEC_ROLE where NAME = 'doc_initiator'))^
insert into SEC_PERMISSION (ID, CREATE_TS, CREATED_BY, VERSION, UPDATE_TS, UPDATED_BY, DELETE_TS, DELETED_BY, PERMISSION_TYPE, TARGET, VALUE_, ROLE_ID)
values (newid(), now(), 'system', 1, now(), null, null, null, 20, 'thesissummer$Memo:delete', 1, (select ID from SEC_ROLE where NAME = 'doc_initiator'))^
-- end insert secPermissions for Memo
-- begin insert default numerator for OrderLoan
CREATE OR REPLACE FUNCTION baseInsert()
RETURNS integer
AS $$
DECLARE
    cnt integer = 0;
BEGIN
cnt = (select count(id) from DF_NUMERATOR where CODE = 'OrderLoanNumerator' and delete_ts is null);
if(cnt = 0) then
    INSERT INTO DF_NUMERATOR (ID, CREATE_TS, CREATED_BY, VERSION, CODE, NUMERATOR_FORMAT, SCRIPT_ENABLED,
                              PERIODICITY, NUMBER_INITIAL_VALUE, LOC_NAME)
    VALUES ('ed467354-4cfa-4f83-83f3-7a5dcad83d24', now(), 'system', 1, 'OrderLoanNumerator', '[number]', FALSE, 'Y', 1,
            '{"captionWithLanguageList":[{"language":"ru","caption":"Распоряжение на выдачу займа"},{"language":"en","caption":"OrderLoan"}]}'
    );
end if;

return 0;
END;
$$
LANGUAGE plpgsql;
^

select baseInsert()^
drop function if exists baseInsert()^
-- end insert default numerator for OrderLoan
-- begin insert cardType for OrderLoan
insert into TS_CARD_TYPE (ID, CREATE_TS, CREATED_BY, NAME, DISCRIMINATOR, FIELDS_XML)
       values ('449b7e9c-eca9-443d-97a4-42b4b0518646', now(), 'system', 'thesissummer$OrderLoan', '3000', '<?xml version="1.0" encoding="UTF-8"?>
<fields>
  <field name="date" inDocKind="true" required="false" visible="true" signed="false" />
  <field name="docCategory" inDocKind="true" required="false" visible="true" signed="false" />
  <field name="owner" inDocKind="true" required="false" visible="true" signed="false" />
  <field name="department" inDocKind="true" required="false" visible="true" signed="false" />
  <field name="comment" inDocKind="true" required="false" visible="true" signed="false" />
  <field name="finishDatePlan" inDocKind="true" required="false" visible="true" signed="false" />
  <field name="resolution" inDocKind="true" required="false" visible="true" signed="false" />
  <field name="number" inDocKind="true" required="false" visible="true" signed="false" />
  <field name="organization" inDocKind="true" required="false" visible="true" signed="false" />
  <field name="parentCard" inDocKind="true" required="false" visible="true" signed="false" />
  <field name="theme" inDocKind="true" required="false" visible="true" signed="false" />
  <field name="data" inDocKind="true" required="false" visible="true" signed="false" />
  <field name="avtor" inDocKind="true" required="false" visible="true" signed="false" />
  <field name="podrazdelenie" inDocKind="true" required="false" visible="true" signed="false" />
  <field name="nomerOrder" inDocKind="true" required="false" visible="true" signed="false" />
  <field name="dataOrder" inDocKind="true" required="false" visible="true" signed="false" />
  <field name="podrazdelenie1C" inDocKind="true" required="false" visible="true" signed="false" />
  <field name="nomerProtocola" inDocKind="true" required="false" visible="true" signed="false" />
  <field name="kontragent" inDocKind="true" required="false" visible="true" signed="false" />
  <field name="fullName" inDocKind="true" required="false" visible="true" signed="false" />
  <field name="dogovor" inDocKind="true" required="false" visible="true" signed="false" />
  <field name="summa" inDocKind="true" required="false" visible="true" signed="false" />
  <field name="kredit" inDocKind="true" required="false" visible="true" signed="false" />
  <field name="istochnik" inDocKind="true" required="false" visible="true" signed="false" />
  <field name="stavka" inDocKind="true" required="false" visible="true" signed="false" />
  <field name="srokKredita" inDocKind="true" required="false" visible="true" signed="false" />
  <field name="bank" inDocKind="true" required="false" visible="true" signed="false" />
</fields>
')^
-- end insert cardType for OrderLoan
-- begin update procCardType for OrderLoan
update wf_proc set card_types = regexp_replace(card_types, ',thesissummer\\$OrderLoan', '') where code in ('Endorsement', 'Resolution', 'Acquaintance', 'Registration')^
update wf_proc set updated_by='system', card_types = card_types || 'thesissummer$OrderLoan,' where code in ('Endorsement', 'Resolution', 'Acquaintance', 'Registration')^
-- end update procCardType for OrderLoan
-- begin insert docKind for OrderLoan
CREATE OR REPLACE FUNCTION baseInsert()
RETURNS integer
AS $$
DECLARE
    cnt integer = 0;
BEGIN
    cnt = (select count(CATEGORY_ID) from DF_DOC_KIND where CATEGORY_ID = '2e6e918d-1d84-4ac9-bb8a-1f0cd0bcf2c1');
    if (cnt = 0) then
        insert into SYS_CATEGORY (ID, NAME, ENTITY_TYPE, IS_DEFAULT, CREATE_TS, CREATED_BY, VERSION, DISCRIMINATOR)
        values ('2e6e918d-1d84-4ac9-bb8a-1f0cd0bcf2c1', 'Распоряжение на выдачу займа', 'thesissummer$OrderLoan', false, now(), 'system', 1, 1);

        insert into DF_DOC_KIND (CATEGORY_ID, CREATE_TS, CREATED_BY, VERSION, DOC_TYPE_ID, NUMERATOR_ID,
                                 NUMERATOR_TYPE, CATEGORY_ATTRS_PLACE, TAB_NAME, PORTAL_PUBLISH_ALLOWED, DISABLE_ADD_PROCESS_ACTORS, CREATE_ONLY_BY_TEMPLATE)
        values ('2e6e918d-1d84-4ac9-bb8a-1f0cd0bcf2c1', now(), 'system', 1, '449b7e9c-eca9-443d-97a4-42b4b0518646', 'ed467354-4cfa-4f83-83f3-7a5dcad83d24',
                1, 1, 'Доп. поля', false, false, false);
end if;
return 0;
END;
$$
LANGUAGE plpgsql;
^
select baseInsert();^
drop function if exists baseInsert();^
-- end insert docKind for OrderLoan
-- begin insert secPermissions for OrderLoan
insert into SEC_PERMISSION (ID, CREATE_TS, CREATED_BY, VERSION, UPDATE_TS, UPDATED_BY, DELETE_TS, DELETED_BY, PERMISSION_TYPE, TARGET, VALUE_, ROLE_ID)
values (newid(), now(), 'system', 1, now(), null, null, null, 20, 'thesissummer$OrderLoan:create', 0, (select ID from SEC_ROLE where NAME = 'SimpleUser'))^
insert into SEC_PERMISSION (ID, CREATE_TS, CREATED_BY, VERSION, UPDATE_TS, UPDATED_BY, DELETE_TS, DELETED_BY, PERMISSION_TYPE, TARGET, VALUE_, ROLE_ID)
values (newid(), now(), 'system', 1, now(), null, null, null, 20, 'thesissummer$OrderLoan:delete', 0, (select ID from SEC_ROLE where NAME = 'SimpleUser'))^
insert into SEC_PERMISSION (ID, CREATE_TS, CREATED_BY, VERSION, UPDATE_TS, UPDATED_BY, DELETE_TS, DELETED_BY, PERMISSION_TYPE, TARGET, VALUE_, ROLE_ID)
values (newid(), now(), 'system', 1, now(), null, null, null, 20, 'thesissummer$OrderLoan:create', 1, (select ID from SEC_ROLE where NAME = 'Administrators'))^
insert into SEC_PERMISSION (ID, CREATE_TS, CREATED_BY, VERSION, UPDATE_TS, UPDATED_BY, DELETE_TS, DELETED_BY, PERMISSION_TYPE, TARGET, VALUE_, ROLE_ID)
values (newid(), now(), 'system', 1, now(), null, null, null, 20, 'thesissummer$OrderLoan:update', 1, (select ID from SEC_ROLE where NAME = 'Administrators'))^
insert into SEC_PERMISSION (ID, CREATE_TS, CREATED_BY, VERSION, UPDATE_TS, UPDATED_BY, DELETE_TS, DELETED_BY, PERMISSION_TYPE, TARGET, VALUE_, ROLE_ID)
values (newid(), now(), 'system', 1, now(), null, null, null, 20, 'thesissummer$OrderLoan:delete', 1, (select ID from SEC_ROLE where NAME = 'Administrators'))^
insert into SEC_PERMISSION (ID, CREATE_TS, CREATED_BY, VERSION, UPDATE_TS, UPDATED_BY, DELETE_TS, DELETED_BY, PERMISSION_TYPE, TARGET, VALUE_, ROLE_ID)
values (newid(), now(), 'system', 1, now(), null, null, null, 20, 'thesissummer$OrderLoan:create', 1, (select ID from SEC_ROLE where NAME = 'doc_initiator'))^
insert into SEC_PERMISSION (ID, CREATE_TS, CREATED_BY, VERSION, UPDATE_TS, UPDATED_BY, DELETE_TS, DELETED_BY, PERMISSION_TYPE, TARGET, VALUE_, ROLE_ID)
values (newid(), now(), 'system', 1, now(), null, null, null, 20, 'thesissummer$OrderLoan:update', 1, (select ID from SEC_ROLE where NAME = 'doc_initiator'))^
insert into SEC_PERMISSION (ID, CREATE_TS, CREATED_BY, VERSION, UPDATE_TS, UPDATED_BY, DELETE_TS, DELETED_BY, PERMISSION_TYPE, TARGET, VALUE_, ROLE_ID)
values (newid(), now(), 'system', 1, now(), null, null, null, 20, 'thesissummer$OrderLoan:delete', 1, (select ID from SEC_ROLE where NAME = 'doc_initiator'))^
-- end insert secPermissions for OrderLoan
-- begin insert default numerator for OrderTransferMoney
CREATE OR REPLACE FUNCTION baseInsert()
RETURNS integer
AS $$
DECLARE
    cnt integer = 0;
BEGIN
cnt = (select count(id) from DF_NUMERATOR where CODE = 'OrderTransferMoneyNumerator' and delete_ts is null);
if(cnt = 0) then
    INSERT INTO DF_NUMERATOR (ID, CREATE_TS, CREATED_BY, VERSION, CODE, NUMERATOR_FORMAT, SCRIPT_ENABLED,
                              PERIODICITY, NUMBER_INITIAL_VALUE, LOC_NAME)
    VALUES ('67e75070-eb19-4fd4-8d49-eea300ad1ce5', now(), 'system', 1, 'OrderTransferMoneyNumerator', '[number]', FALSE, 'Y', 1,
            '{"captionWithLanguageList":[{"language":"ru","caption":"${ENTITY_NAME_RU}"},{"language":"en","caption":"OrderTransferMoney"}]}'
    );
end if;

return 0;
END;
$$
LANGUAGE plpgsql;
^

select baseInsert()^
drop function if exists baseInsert()^
-- end insert default numerator for OrderTransferMoney
-- begin insert cardType for OrderTransferMoney
insert into TS_CARD_TYPE (ID, CREATE_TS, CREATED_BY, NAME, DISCRIMINATOR, FIELDS_XML)
       values ('0b33e4dc-d239-4207-9026-d593ac0c41a1', now(), 'system', 'thesissummer$OrderTransferMoney', '3100', '<?xml version="1.0" encoding="UTF-8"?>
<fields>
  <field name="date" inDocKind="true" required="false" visible="true" signed="false" />
  <field name="docCategory" inDocKind="true" required="false" visible="true" signed="false" />
  <field name="owner" inDocKind="true" required="false" visible="true" signed="false" />
  <field name="department" inDocKind="true" required="false" visible="true" signed="false" />
  <field name="comment" inDocKind="true" required="false" visible="true" signed="false" />
  <field name="finishDatePlan" inDocKind="true" required="false" visible="true" signed="false" />
  <field name="resolution" inDocKind="true" required="false" visible="true" signed="false" />
  <field name="number" inDocKind="true" required="false" visible="true" signed="false" />
  <field name="organization" inDocKind="true" required="false" visible="true" signed="false" />
  <field name="parentCard" inDocKind="true" required="false" visible="true" signed="false" />
  <field name="theme" inDocKind="true" required="false" visible="true" signed="false" />
  <field name="dataOrder" inDocKind="true" required="false" visible="true" signed="false" />
  <field name="avtorOrder" inDocKind="true" required="false" visible="true" signed="false" />
  <field name="podrazdelenie" inDocKind="true" required="false" visible="true" signed="false" />
  <field name="summaPerecheslenia" inDocKind="true" required="false" visible="true" signed="false" />
  <field name="dataPerevoda" inDocKind="true" required="false" visible="true" signed="false" />
  <field name="Poluchatel" inDocKind="true" required="false" visible="true" signed="false" />
  <field name="Schet" inDocKind="true" required="false" visible="true" signed="false" />
</fields>
')^
-- end insert cardType for OrderTransferMoney
-- begin update procCardType for OrderTransferMoney
update wf_proc set card_types = regexp_replace(card_types, ',thesissummer\\$OrderTransferMoney', '') where code in ('Endorsement', 'Resolution', 'Acquaintance', 'Registration')^
update wf_proc set updated_by='system', card_types = card_types || 'thesissummer$OrderTransferMoney,' where code in ('Endorsement', 'Resolution', 'Acquaintance', 'Registration')^
-- end update procCardType for OrderTransferMoney
-- begin insert docKind for OrderTransferMoney
CREATE OR REPLACE FUNCTION baseInsert()
RETURNS integer
AS $$
DECLARE
    cnt integer = 0;
BEGIN
    cnt = (select count(CATEGORY_ID) from DF_DOC_KIND where CATEGORY_ID = '7c1d2064-6a28-4349-8c88-6c756fb28cc6');
    if (cnt = 0) then
        insert into SYS_CATEGORY (ID, NAME, ENTITY_TYPE, IS_DEFAULT, CREATE_TS, CREATED_BY, VERSION, DISCRIMINATOR)
        values ('7c1d2064-6a28-4349-8c88-6c756fb28cc6', '${ENTITY_NAME_LOCAL}', 'thesissummer$OrderTransferMoney', false, now(), 'system', 1, 1);

        insert into DF_DOC_KIND (CATEGORY_ID, CREATE_TS, CREATED_BY, VERSION, DOC_TYPE_ID, NUMERATOR_ID,
                                 NUMERATOR_TYPE, CATEGORY_ATTRS_PLACE, TAB_NAME, PORTAL_PUBLISH_ALLOWED, DISABLE_ADD_PROCESS_ACTORS, CREATE_ONLY_BY_TEMPLATE)
        values ('7c1d2064-6a28-4349-8c88-6c756fb28cc6', now(), 'system', 1, '0b33e4dc-d239-4207-9026-d593ac0c41a1', '67e75070-eb19-4fd4-8d49-eea300ad1ce5',
                1, 1, 'Доп. поля', false, false, false);
end if;
return 0;
END;
$$
LANGUAGE plpgsql;
^
select baseInsert();^
drop function if exists baseInsert();^
-- end insert docKind for OrderTransferMoney
-- begin insert secPermissions for OrderTransferMoney
insert into SEC_PERMISSION (ID, CREATE_TS, CREATED_BY, VERSION, UPDATE_TS, UPDATED_BY, DELETE_TS, DELETED_BY, PERMISSION_TYPE, TARGET, VALUE_, ROLE_ID)
values (newid(), now(), 'system', 1, now(), null, null, null, 20, 'thesissummer$OrderTransferMoney:create', 0, (select ID from SEC_ROLE where NAME = 'SimpleUser'))^
insert into SEC_PERMISSION (ID, CREATE_TS, CREATED_BY, VERSION, UPDATE_TS, UPDATED_BY, DELETE_TS, DELETED_BY, PERMISSION_TYPE, TARGET, VALUE_, ROLE_ID)
values (newid(), now(), 'system', 1, now(), null, null, null, 20, 'thesissummer$OrderTransferMoney:delete', 0, (select ID from SEC_ROLE where NAME = 'SimpleUser'))^
insert into SEC_PERMISSION (ID, CREATE_TS, CREATED_BY, VERSION, UPDATE_TS, UPDATED_BY, DELETE_TS, DELETED_BY, PERMISSION_TYPE, TARGET, VALUE_, ROLE_ID)
values (newid(), now(), 'system', 1, now(), null, null, null, 20, 'thesissummer$OrderTransferMoney:create', 1, (select ID from SEC_ROLE where NAME = 'Administrators'))^
insert into SEC_PERMISSION (ID, CREATE_TS, CREATED_BY, VERSION, UPDATE_TS, UPDATED_BY, DELETE_TS, DELETED_BY, PERMISSION_TYPE, TARGET, VALUE_, ROLE_ID)
values (newid(), now(), 'system', 1, now(), null, null, null, 20, 'thesissummer$OrderTransferMoney:update', 1, (select ID from SEC_ROLE where NAME = 'Administrators'))^
insert into SEC_PERMISSION (ID, CREATE_TS, CREATED_BY, VERSION, UPDATE_TS, UPDATED_BY, DELETE_TS, DELETED_BY, PERMISSION_TYPE, TARGET, VALUE_, ROLE_ID)
values (newid(), now(), 'system', 1, now(), null, null, null, 20, 'thesissummer$OrderTransferMoney:delete', 1, (select ID from SEC_ROLE where NAME = 'Administrators'))^
insert into SEC_PERMISSION (ID, CREATE_TS, CREATED_BY, VERSION, UPDATE_TS, UPDATED_BY, DELETE_TS, DELETED_BY, PERMISSION_TYPE, TARGET, VALUE_, ROLE_ID)
values (newid(), now(), 'system', 1, now(), null, null, null, 20, 'thesissummer$OrderTransferMoney:create', 1, (select ID from SEC_ROLE where NAME = 'doc_initiator'))^
insert into SEC_PERMISSION (ID, CREATE_TS, CREATED_BY, VERSION, UPDATE_TS, UPDATED_BY, DELETE_TS, DELETED_BY, PERMISSION_TYPE, TARGET, VALUE_, ROLE_ID)
values (newid(), now(), 'system', 1, now(), null, null, null, 20, 'thesissummer$OrderTransferMoney:update', 1, (select ID from SEC_ROLE where NAME = 'doc_initiator'))^
insert into SEC_PERMISSION (ID, CREATE_TS, CREATED_BY, VERSION, UPDATE_TS, UPDATED_BY, DELETE_TS, DELETED_BY, PERMISSION_TYPE, TARGET, VALUE_, ROLE_ID)
values (newid(), now(), 'system', 1, now(), null, null, null, 20, 'thesissummer$OrderTransferMoney:delete', 1, (select ID from SEC_ROLE where NAME = 'doc_initiator'))^
-- end insert secPermissions for OrderTransferMoney
-- begin insert default numerator for OrderSubsidy
CREATE OR REPLACE FUNCTION baseInsert()
RETURNS integer
AS $$
DECLARE
    cnt integer = 0;
BEGIN
cnt = (select count(id) from DF_NUMERATOR where CODE = 'OrderSubsidyNumerator' and delete_ts is null);
if(cnt = 0) then
    INSERT INTO DF_NUMERATOR (ID, CREATE_TS, CREATED_BY, VERSION, CODE, NUMERATOR_FORMAT, SCRIPT_ENABLED,
                              PERIODICITY, NUMBER_INITIAL_VALUE, LOC_NAME)
    VALUES ('e55e868b-7bec-49cb-849b-8695115bc104', now(), 'system', 1, 'OrderSubsidyNumerator', '[number]', FALSE, 'Y', 1,
            '{"captionWithLanguageList":[{"language":"ru","caption":"Субсидия"},{"language":"en","caption":"OrderSubsidy"}]}'
    );
end if;

return 0;
END;
$$
LANGUAGE plpgsql;
^

select baseInsert()^
drop function if exists baseInsert()^
-- end insert default numerator for OrderSubsidy
-- begin insert cardType for OrderSubsidy
insert into TS_CARD_TYPE (ID, CREATE_TS, CREATED_BY, NAME, DISCRIMINATOR, FIELDS_XML)
       values ('3b255d64-87d4-4a54-9ae8-b49bec892c54', now(), 'system', 'thesissummer$OrderSubsidy', '3200', '<?xml version="1.0" encoding="UTF-8"?>
<fields>
  <field name="date" inDocKind="true" required="false" visible="true" signed="false" />
  <field name="docCategory" inDocKind="true" required="false" visible="true" signed="false" />
  <field name="owner" inDocKind="true" required="false" visible="true" signed="false" />
  <field name="department" inDocKind="true" required="false" visible="true" signed="false" />
  <field name="comment" inDocKind="true" required="false" visible="true" signed="false" />
  <field name="finishDatePlan" inDocKind="true" required="false" visible="true" signed="false" />
  <field name="resolution" inDocKind="true" required="false" visible="true" signed="false" />
  <field name="number" inDocKind="true" required="false" visible="true" signed="false" />
  <field name="organization" inDocKind="true" required="false" visible="true" signed="false" />
  <field name="parentCard" inDocKind="true" required="false" visible="true" signed="false" />
  <field name="theme" inDocKind="true" required="false" visible="true" signed="false" />
  <field name="dataMessage" inDocKind="true" required="false" visible="true" signed="false" />
  <field name="avtor" inDocKind="true" required="false" visible="true" signed="false" />
  <field name="podrazdelenie" inDocKind="true" required="false" visible="true" signed="false" />
  <field name="nomer" inDocKind="true" required="false" visible="true" signed="false" />
  <field name="dataOrder" inDocKind="true" required="false" visible="true" signed="false" />
  <field name="theme" inDocKind="true" required="false" visible="true" signed="false" />
</fields>
')^
-- end insert cardType for OrderSubsidy
-- begin update procCardType for OrderSubsidy
update wf_proc set card_types = regexp_replace(card_types, ',thesissummer\\$OrderSubsidy', '') where code in ('Endorsement', 'Resolution', 'Acquaintance', 'Registration')^
update wf_proc set updated_by='system', card_types = card_types || 'thesissummer$OrderSubsidy,' where code in ('Endorsement', 'Resolution', 'Acquaintance', 'Registration')^
-- end update procCardType for OrderSubsidy
-- begin insert docKind for OrderSubsidy
CREATE OR REPLACE FUNCTION baseInsert()
RETURNS integer
AS $$
DECLARE
    cnt integer = 0;
BEGIN
    cnt = (select count(CATEGORY_ID) from DF_DOC_KIND where CATEGORY_ID = 'aa0e98d6-17e1-48fc-a6d7-3e7cd9242fdd');
    if (cnt = 0) then
        insert into SYS_CATEGORY (ID, NAME, ENTITY_TYPE, IS_DEFAULT, CREATE_TS, CREATED_BY, VERSION, DISCRIMINATOR)
        values ('aa0e98d6-17e1-48fc-a6d7-3e7cd9242fdd', 'Субсидия', 'thesissummer$OrderSubsidy', false, now(), 'system', 1, 1);

        insert into DF_DOC_KIND (CATEGORY_ID, CREATE_TS, CREATED_BY, VERSION, DOC_TYPE_ID, NUMERATOR_ID,
                                 NUMERATOR_TYPE, CATEGORY_ATTRS_PLACE, TAB_NAME, PORTAL_PUBLISH_ALLOWED, DISABLE_ADD_PROCESS_ACTORS, CREATE_ONLY_BY_TEMPLATE)
        values ('aa0e98d6-17e1-48fc-a6d7-3e7cd9242fdd', now(), 'system', 1, '3b255d64-87d4-4a54-9ae8-b49bec892c54', 'e55e868b-7bec-49cb-849b-8695115bc104',
                1, 1, 'Доп. поля', false, false, false);
end if;
return 0;
END;
$$
LANGUAGE plpgsql;
^
select baseInsert();^
drop function if exists baseInsert();^
-- end insert docKind for OrderSubsidy
-- begin insert secPermissions for OrderSubsidy
insert into SEC_PERMISSION (ID, CREATE_TS, CREATED_BY, VERSION, UPDATE_TS, UPDATED_BY, DELETE_TS, DELETED_BY, PERMISSION_TYPE, TARGET, VALUE_, ROLE_ID)
values (newid(), now(), 'system', 1, now(), null, null, null, 20, 'thesissummer$OrderSubsidy:create', 0, (select ID from SEC_ROLE where NAME = 'SimpleUser'))^
insert into SEC_PERMISSION (ID, CREATE_TS, CREATED_BY, VERSION, UPDATE_TS, UPDATED_BY, DELETE_TS, DELETED_BY, PERMISSION_TYPE, TARGET, VALUE_, ROLE_ID)
values (newid(), now(), 'system', 1, now(), null, null, null, 20, 'thesissummer$OrderSubsidy:delete', 0, (select ID from SEC_ROLE where NAME = 'SimpleUser'))^
insert into SEC_PERMISSION (ID, CREATE_TS, CREATED_BY, VERSION, UPDATE_TS, UPDATED_BY, DELETE_TS, DELETED_BY, PERMISSION_TYPE, TARGET, VALUE_, ROLE_ID)
values (newid(), now(), 'system', 1, now(), null, null, null, 20, 'thesissummer$OrderSubsidy:create', 1, (select ID from SEC_ROLE where NAME = 'Administrators'))^
insert into SEC_PERMISSION (ID, CREATE_TS, CREATED_BY, VERSION, UPDATE_TS, UPDATED_BY, DELETE_TS, DELETED_BY, PERMISSION_TYPE, TARGET, VALUE_, ROLE_ID)
values (newid(), now(), 'system', 1, now(), null, null, null, 20, 'thesissummer$OrderSubsidy:update', 1, (select ID from SEC_ROLE where NAME = 'Administrators'))^
insert into SEC_PERMISSION (ID, CREATE_TS, CREATED_BY, VERSION, UPDATE_TS, UPDATED_BY, DELETE_TS, DELETED_BY, PERMISSION_TYPE, TARGET, VALUE_, ROLE_ID)
values (newid(), now(), 'system', 1, now(), null, null, null, 20, 'thesissummer$OrderSubsidy:delete', 1, (select ID from SEC_ROLE where NAME = 'Administrators'))^
insert into SEC_PERMISSION (ID, CREATE_TS, CREATED_BY, VERSION, UPDATE_TS, UPDATED_BY, DELETE_TS, DELETED_BY, PERMISSION_TYPE, TARGET, VALUE_, ROLE_ID)
values (newid(), now(), 'system', 1, now(), null, null, null, 20, 'thesissummer$OrderSubsidy:create', 1, (select ID from SEC_ROLE where NAME = 'doc_initiator'))^
insert into SEC_PERMISSION (ID, CREATE_TS, CREATED_BY, VERSION, UPDATE_TS, UPDATED_BY, DELETE_TS, DELETED_BY, PERMISSION_TYPE, TARGET, VALUE_, ROLE_ID)
values (newid(), now(), 'system', 1, now(), null, null, null, 20, 'thesissummer$OrderSubsidy:update', 1, (select ID from SEC_ROLE where NAME = 'doc_initiator'))^
insert into SEC_PERMISSION (ID, CREATE_TS, CREATED_BY, VERSION, UPDATE_TS, UPDATED_BY, DELETE_TS, DELETED_BY, PERMISSION_TYPE, TARGET, VALUE_, ROLE_ID)
values (newid(), now(), 'system', 1, now(), null, null, null, 20, 'thesissummer$OrderSubsidy:delete', 1, (select ID from SEC_ROLE where NAME = 'doc_initiator'))^
-- end insert secPermissions for OrderSubsidy
-- begin insert default numerator for TaskMoney
CREATE OR REPLACE FUNCTION baseInsert()
RETURNS integer
AS $$
DECLARE
    cnt integer = 0;
BEGIN
cnt = (select count(id) from DF_NUMERATOR where CODE = 'TaskMoneyNumerator' and delete_ts is null);
if(cnt = 0) then
    INSERT INTO DF_NUMERATOR (ID, CREATE_TS, CREATED_BY, VERSION, CODE, NUMERATOR_FORMAT, SCRIPT_ENABLED,
                              PERIODICITY, NUMBER_INITIAL_VALUE, LOC_NAME)
    VALUES ('f63bcf4c-75aa-4192-a425-c4af22626328', now(), 'system', 1, 'TaskMoneyNumerator', '[number]', FALSE, 'Y', 1,
            '{"captionWithLanguageList":[{"language":"ru","caption":"Задание на платеж"},{"language":"en","caption":"TaskMoney"}]}'
    );
end if;

return 0;
END;
$$
LANGUAGE plpgsql;
^

select baseInsert()^
drop function if exists baseInsert()^
-- end insert default numerator for TaskMoney
-- begin insert cardType for TaskMoney
insert into TS_CARD_TYPE (ID, CREATE_TS, CREATED_BY, NAME, DISCRIMINATOR, FIELDS_XML)
       values ('b34e1875-abf0-426a-970a-58d5eba3ee25', now(), 'system', 'thesissummer$TaskMoney', '3300', '<?xml version="1.0" encoding="UTF-8"?>
<fields>
  <field name="date" inDocKind="true" required="false" visible="true" signed="false" />
  <field name="docCategory" inDocKind="true" required="false" visible="true" signed="false" />
  <field name="owner" inDocKind="true" required="false" visible="true" signed="false" />
  <field name="department" inDocKind="true" required="false" visible="true" signed="false" />
  <field name="comment" inDocKind="true" required="false" visible="true" signed="false" />
  <field name="finishDatePlan" inDocKind="true" required="false" visible="true" signed="false" />
  <field name="resolution" inDocKind="true" required="false" visible="true" signed="false" />
  <field name="number" inDocKind="true" required="false" visible="true" signed="false" />
  <field name="organization" inDocKind="true" required="false" visible="true" signed="false" />
  <field name="parentCard" inDocKind="true" required="false" visible="true" signed="false" />
  <field name="theme" inDocKind="true" required="false" visible="true" signed="false" />
  <field name="dataTask" inDocKind="true" required="false" visible="true" signed="false" />
  <field name="avtor" inDocKind="true" required="false" visible="true" signed="false" />
  <field name="podrazdelenie" inDocKind="true" required="false" visible="true" signed="false" />
  <field name="nameReceiver" inDocKind="true" required="false" visible="true" signed="false" />
  <field name="summaTenge" inDocKind="true" required="false" visible="true" signed="false" />
  <field name="summaDollar" inDocKind="true" required="false" visible="true" signed="false" />
  <field name="nomerAndData" inDocKind="true" required="false" visible="true" signed="false" />
  <field name="nomerAndData" inDocKind="true" required="false" visible="true" signed="false" />
  <field name="platezh" inDocKind="true" required="false" visible="true" signed="false" />
</fields>
')^
-- end insert cardType for TaskMoney
-- begin update procCardType for TaskMoney
update wf_proc set card_types = regexp_replace(card_types, ',thesissummer\\$TaskMoney', '') where code in ('Endorsement', 'Resolution', 'Acquaintance', 'Registration')^
update wf_proc set updated_by='system', card_types = card_types || 'thesissummer$TaskMoney,' where code in ('Endorsement', 'Resolution', 'Acquaintance', 'Registration')^
-- end update procCardType for TaskMoney
-- begin insert docKind for TaskMoney
CREATE OR REPLACE FUNCTION baseInsert()
RETURNS integer
AS $$
DECLARE
    cnt integer = 0;
BEGIN
    cnt = (select count(CATEGORY_ID) from DF_DOC_KIND where CATEGORY_ID = 'd9f97c66-e7c6-4fad-a906-7dad8266370f');
    if (cnt = 0) then
        insert into SYS_CATEGORY (ID, NAME, ENTITY_TYPE, IS_DEFAULT, CREATE_TS, CREATED_BY, VERSION, DISCRIMINATOR)
        values ('d9f97c66-e7c6-4fad-a906-7dad8266370f', 'Задание на платеж', 'thesissummer$TaskMoney', false, now(), 'system', 1, 1);

        insert into DF_DOC_KIND (CATEGORY_ID, CREATE_TS, CREATED_BY, VERSION, DOC_TYPE_ID, NUMERATOR_ID,
                                 NUMERATOR_TYPE, CATEGORY_ATTRS_PLACE, TAB_NAME, PORTAL_PUBLISH_ALLOWED, DISABLE_ADD_PROCESS_ACTORS, CREATE_ONLY_BY_TEMPLATE)
        values ('d9f97c66-e7c6-4fad-a906-7dad8266370f', now(), 'system', 1, 'b34e1875-abf0-426a-970a-58d5eba3ee25', 'f63bcf4c-75aa-4192-a425-c4af22626328',
                1, 1, 'Доп. поля', false, false, false);
end if;
return 0;
END;
$$
LANGUAGE plpgsql;
^
select baseInsert();^
drop function if exists baseInsert();^
-- end insert docKind for TaskMoney
-- begin insert secPermissions for TaskMoney
insert into SEC_PERMISSION (ID, CREATE_TS, CREATED_BY, VERSION, UPDATE_TS, UPDATED_BY, DELETE_TS, DELETED_BY, PERMISSION_TYPE, TARGET, VALUE_, ROLE_ID)
values (newid(), now(), 'system', 1, now(), null, null, null, 20, 'thesissummer$TaskMoney:create', 0, (select ID from SEC_ROLE where NAME = 'SimpleUser'))^
insert into SEC_PERMISSION (ID, CREATE_TS, CREATED_BY, VERSION, UPDATE_TS, UPDATED_BY, DELETE_TS, DELETED_BY, PERMISSION_TYPE, TARGET, VALUE_, ROLE_ID)
values (newid(), now(), 'system', 1, now(), null, null, null, 20, 'thesissummer$TaskMoney:delete', 0, (select ID from SEC_ROLE where NAME = 'SimpleUser'))^
insert into SEC_PERMISSION (ID, CREATE_TS, CREATED_BY, VERSION, UPDATE_TS, UPDATED_BY, DELETE_TS, DELETED_BY, PERMISSION_TYPE, TARGET, VALUE_, ROLE_ID)
values (newid(), now(), 'system', 1, now(), null, null, null, 20, 'thesissummer$TaskMoney:create', 1, (select ID from SEC_ROLE where NAME = 'Administrators'))^
insert into SEC_PERMISSION (ID, CREATE_TS, CREATED_BY, VERSION, UPDATE_TS, UPDATED_BY, DELETE_TS, DELETED_BY, PERMISSION_TYPE, TARGET, VALUE_, ROLE_ID)
values (newid(), now(), 'system', 1, now(), null, null, null, 20, 'thesissummer$TaskMoney:update', 1, (select ID from SEC_ROLE where NAME = 'Administrators'))^
insert into SEC_PERMISSION (ID, CREATE_TS, CREATED_BY, VERSION, UPDATE_TS, UPDATED_BY, DELETE_TS, DELETED_BY, PERMISSION_TYPE, TARGET, VALUE_, ROLE_ID)
values (newid(), now(), 'system', 1, now(), null, null, null, 20, 'thesissummer$TaskMoney:delete', 1, (select ID from SEC_ROLE where NAME = 'Administrators'))^
insert into SEC_PERMISSION (ID, CREATE_TS, CREATED_BY, VERSION, UPDATE_TS, UPDATED_BY, DELETE_TS, DELETED_BY, PERMISSION_TYPE, TARGET, VALUE_, ROLE_ID)
values (newid(), now(), 'system', 1, now(), null, null, null, 20, 'thesissummer$TaskMoney:create', 1, (select ID from SEC_ROLE where NAME = 'doc_initiator'))^
insert into SEC_PERMISSION (ID, CREATE_TS, CREATED_BY, VERSION, UPDATE_TS, UPDATED_BY, DELETE_TS, DELETED_BY, PERMISSION_TYPE, TARGET, VALUE_, ROLE_ID)
values (newid(), now(), 'system', 1, now(), null, null, null, 20, 'thesissummer$TaskMoney:update', 1, (select ID from SEC_ROLE where NAME = 'doc_initiator'))^
insert into SEC_PERMISSION (ID, CREATE_TS, CREATED_BY, VERSION, UPDATE_TS, UPDATED_BY, DELETE_TS, DELETED_BY, PERMISSION_TYPE, TARGET, VALUE_, ROLE_ID)
values (newid(), now(), 'system', 1, now(), null, null, null, 20, 'thesissummer$TaskMoney:delete', 1, (select ID from SEC_ROLE where NAME = 'doc_initiator'))^
-- end insert secPermissions for TaskMoney
-- begin insert default numerator for OrderLoanSI
CREATE OR REPLACE FUNCTION baseInsert()
RETURNS integer
AS $$
DECLARE
    cnt integer = 0;
BEGIN
cnt = (select count(id) from DF_NUMERATOR where CODE = 'OrderLoanSINumerator' and delete_ts is null);
if(cnt = 0) then
    INSERT INTO DF_NUMERATOR (ID, CREATE_TS, CREATED_BY, VERSION, CODE, NUMERATOR_FORMAT, SCRIPT_ENABLED,
                              PERIODICITY, NUMBER_INITIAL_VALUE, LOC_NAME)
    VALUES ('8155f209-4b2c-47ec-a3c8-8e02d7b5e93e', now(), 'system', 1, 'OrderLoanSINumerator', '[number]', FALSE, 'Y', 1,
            '{"captionWithLanguageList":[{"language":"ru","caption":"Распор.на выдачу займа (СИ)"},{"language":"en","caption":"OrderLoanSI"}]}'
    );
end if;

return 0;
END;
$$
LANGUAGE plpgsql;
^

select baseInsert()^
drop function if exists baseInsert()^
-- end insert default numerator for OrderLoanSI
-- begin insert cardType for OrderLoanSI
insert into TS_CARD_TYPE (ID, CREATE_TS, CREATED_BY, NAME, DISCRIMINATOR, FIELDS_XML)
       values ('0c9f0528-6472-45a9-a0ab-633437a7afb8', now(), 'system', 'thesissummer$OrderLoanSI', '3400', '<?xml version="1.0" encoding="UTF-8"?>
<fields>
  <field name="date" inDocKind="true" required="false" visible="true" signed="false" />
  <field name="docCategory" inDocKind="true" required="false" visible="true" signed="false" />
  <field name="owner" inDocKind="true" required="false" visible="true" signed="false" />
  <field name="department" inDocKind="true" required="false" visible="true" signed="false" />
  <field name="comment" inDocKind="true" required="false" visible="true" signed="false" />
  <field name="finishDatePlan" inDocKind="true" required="false" visible="true" signed="false" />
  <field name="resolution" inDocKind="true" required="false" visible="true" signed="false" />
  <field name="number" inDocKind="true" required="false" visible="true" signed="false" />
  <field name="organization" inDocKind="true" required="false" visible="true" signed="false" />
  <field name="parentCard" inDocKind="true" required="false" visible="true" signed="false" />
  <field name="theme" inDocKind="true" required="false" visible="true" signed="false" />
  <field name="data" inDocKind="true" required="false" visible="true" signed="false" />
  <field name="avtor" inDocKind="true" required="false" visible="true" signed="false" />
  <field name="podrazdelenie" inDocKind="true" required="false" visible="true" signed="false" />
  <field name="nomer" inDocKind="true" required="false" visible="true" signed="false" />
  <field name="dataOrder" inDocKind="true" required="false" visible="true" signed="false" />
  <field name="podrazdelenie" inDocKind="true" required="false" visible="true" signed="false" />
  <field name="osnovanie" inDocKind="true" required="false" visible="true" signed="false" />
  <field name="contragent" inDocKind="true" required="false" visible="true" signed="false" />
  <field name="bin" inDocKind="true" required="false" visible="true" signed="false" />
  <field name="zaemchik" inDocKind="true" required="false" visible="true" signed="false" />
  <field name="dogovor" inDocKind="true" required="false" visible="true" signed="false" />
  <field name="summa" inDocKind="true" required="false" visible="true" signed="false" />
  <field name="stavka" inDocKind="true" required="false" visible="true" signed="false" />
  <field name="srokKredita" inDocKind="true" required="false" visible="true" signed="false" />
  <field name="bank" inDocKind="true" required="false" visible="true" signed="false" />
  <field name="bik" inDocKind="true" required="false" visible="true" signed="false" />
  <field name="iik" inDocKind="true" required="false" visible="true" signed="false" />
  <field name="bin" inDocKind="true" required="false" visible="true" signed="false" />
  <field name="kbe" inDocKind="true" required="false" visible="true" signed="false" />
  <field name="urAdress" inDocKind="true" required="false" visible="true" signed="false" />
</fields>
')^
-- end insert cardType for OrderLoanSI
-- begin update procCardType for OrderLoanSI
update wf_proc set card_types = regexp_replace(card_types, ',thesissummer\\$OrderLoanSI', '') where code in ('Endorsement', 'Resolution', 'Acquaintance', 'Registration')^
update wf_proc set updated_by='system', card_types = card_types || 'thesissummer$OrderLoanSI,' where code in ('Endorsement', 'Resolution', 'Acquaintance', 'Registration')^
-- end update procCardType for OrderLoanSI
-- begin insert docKind for OrderLoanSI
CREATE OR REPLACE FUNCTION baseInsert()
RETURNS integer
AS $$
DECLARE
    cnt integer = 0;
BEGIN
    cnt = (select count(CATEGORY_ID) from DF_DOC_KIND where CATEGORY_ID = '9ddf4937-ce16-44c1-894d-4f64c96b1827');
    if (cnt = 0) then
        insert into SYS_CATEGORY (ID, NAME, ENTITY_TYPE, IS_DEFAULT, CREATE_TS, CREATED_BY, VERSION, DISCRIMINATOR)
        values ('9ddf4937-ce16-44c1-894d-4f64c96b1827', 'Распор.на выдачу займа (СИ)', 'thesissummer$OrderLoanSI', false, now(), 'system', 1, 1);

        insert into DF_DOC_KIND (CATEGORY_ID, CREATE_TS, CREATED_BY, VERSION, DOC_TYPE_ID, NUMERATOR_ID,
                                 NUMERATOR_TYPE, CATEGORY_ATTRS_PLACE, TAB_NAME, PORTAL_PUBLISH_ALLOWED, DISABLE_ADD_PROCESS_ACTORS, CREATE_ONLY_BY_TEMPLATE)
        values ('9ddf4937-ce16-44c1-894d-4f64c96b1827', now(), 'system', 1, '0c9f0528-6472-45a9-a0ab-633437a7afb8', '8155f209-4b2c-47ec-a3c8-8e02d7b5e93e',
                1, 1, 'Доп. поля', false, false, false);
end if;
return 0;
END;
$$
LANGUAGE plpgsql;
^
select baseInsert();^
drop function if exists baseInsert();^
-- end insert docKind for OrderLoanSI
-- begin insert secPermissions for OrderLoanSI
insert into SEC_PERMISSION (ID, CREATE_TS, CREATED_BY, VERSION, UPDATE_TS, UPDATED_BY, DELETE_TS, DELETED_BY, PERMISSION_TYPE, TARGET, VALUE_, ROLE_ID)
values (newid(), now(), 'system', 1, now(), null, null, null, 20, 'thesissummer$OrderLoanSI:create', 0, (select ID from SEC_ROLE where NAME = 'SimpleUser'))^
insert into SEC_PERMISSION (ID, CREATE_TS, CREATED_BY, VERSION, UPDATE_TS, UPDATED_BY, DELETE_TS, DELETED_BY, PERMISSION_TYPE, TARGET, VALUE_, ROLE_ID)
values (newid(), now(), 'system', 1, now(), null, null, null, 20, 'thesissummer$OrderLoanSI:delete', 0, (select ID from SEC_ROLE where NAME = 'SimpleUser'))^
insert into SEC_PERMISSION (ID, CREATE_TS, CREATED_BY, VERSION, UPDATE_TS, UPDATED_BY, DELETE_TS, DELETED_BY, PERMISSION_TYPE, TARGET, VALUE_, ROLE_ID)
values (newid(), now(), 'system', 1, now(), null, null, null, 20, 'thesissummer$OrderLoanSI:create', 1, (select ID from SEC_ROLE where NAME = 'Administrators'))^
insert into SEC_PERMISSION (ID, CREATE_TS, CREATED_BY, VERSION, UPDATE_TS, UPDATED_BY, DELETE_TS, DELETED_BY, PERMISSION_TYPE, TARGET, VALUE_, ROLE_ID)
values (newid(), now(), 'system', 1, now(), null, null, null, 20, 'thesissummer$OrderLoanSI:update', 1, (select ID from SEC_ROLE where NAME = 'Administrators'))^
insert into SEC_PERMISSION (ID, CREATE_TS, CREATED_BY, VERSION, UPDATE_TS, UPDATED_BY, DELETE_TS, DELETED_BY, PERMISSION_TYPE, TARGET, VALUE_, ROLE_ID)
values (newid(), now(), 'system', 1, now(), null, null, null, 20, 'thesissummer$OrderLoanSI:delete', 1, (select ID from SEC_ROLE where NAME = 'Administrators'))^
insert into SEC_PERMISSION (ID, CREATE_TS, CREATED_BY, VERSION, UPDATE_TS, UPDATED_BY, DELETE_TS, DELETED_BY, PERMISSION_TYPE, TARGET, VALUE_, ROLE_ID)
values (newid(), now(), 'system', 1, now(), null, null, null, 20, 'thesissummer$OrderLoanSI:create', 1, (select ID from SEC_ROLE where NAME = 'doc_initiator'))^
insert into SEC_PERMISSION (ID, CREATE_TS, CREATED_BY, VERSION, UPDATE_TS, UPDATED_BY, DELETE_TS, DELETED_BY, PERMISSION_TYPE, TARGET, VALUE_, ROLE_ID)
values (newid(), now(), 'system', 1, now(), null, null, null, 20, 'thesissummer$OrderLoanSI:update', 1, (select ID from SEC_ROLE where NAME = 'doc_initiator'))^
insert into SEC_PERMISSION (ID, CREATE_TS, CREATED_BY, VERSION, UPDATE_TS, UPDATED_BY, DELETE_TS, DELETED_BY, PERMISSION_TYPE, TARGET, VALUE_, ROLE_ID)
values (newid(), now(), 'system', 1, now(), null, null, null, 20, 'thesissummer$OrderLoanSI:delete', 1, (select ID from SEC_ROLE where NAME = 'doc_initiator'))^
-- end insert secPermissions for OrderLoanSI
-- begin insert default numerator for OrderDocumentFull1C
CREATE OR REPLACE FUNCTION baseInsert()
RETURNS integer
AS $$
DECLARE
    cnt integer = 0;
BEGIN
cnt = (select count(id) from DF_NUMERATOR where CODE = 'OrderDocumentFull1CNumerator' and delete_ts is null);
if(cnt = 0) then
    INSERT INTO DF_NUMERATOR (ID, CREATE_TS, CREATED_BY, VERSION, CODE, NUMERATOR_FORMAT, SCRIPT_ENABLED,
                              PERIODICITY, NUMBER_INITIAL_VALUE, LOC_NAME)
    VALUES ('9b638aca-3608-466c-b9db-6b25c078207e', now(), 'system', 1, 'OrderDocumentFull1CNumerator', '[number]', FALSE, 'Y', 1,
            '{"captionWithLanguageList":[{"language":"ru","caption":"Полный 1С"},{"language":"en","caption":"OrderDocumentFull1C"}]}'
    );
end if;

return 0;
END;
$$
LANGUAGE plpgsql;
^

select baseInsert()^
drop function if exists baseInsert()^
-- end insert default numerator for OrderDocumentFull1C
-- begin insert secConstraints for OrderDocumentFull1C
insert into SEC_CONSTRAINT (ID, CREATE_TS, CREATED_BY, ENTITY_NAME, JOIN_CLAUSE, WHERE_CLAUSE, GROUP_ID)
       values (newid(), now(), 'system', 'thesissummer$OrderDocumentFull1C', 'left outer join {E}.aclList acl', 'acl.user.id = :session$userId or acl.global = true', '8e6306e2-9e10-414a-b437-24c91ffef804')^
-- end insert secConstraints for OrderDocumentFull1C
-- begin insert cardType for OrderDocumentFull1C
insert into TS_CARD_TYPE (ID, CREATE_TS, CREATED_BY, NAME, DISCRIMINATOR, FIELDS_XML)
       values ('d35b99ff-b248-4b4f-8f77-0ba6677000df', now(), 'system', 'thesissummer$OrderDocumentFull1C', '2900', '<?xml version="1.0" encoding="UTF-8"?>
<fields>
  <field name="number" inDocKind="false" required="false" visible="true" signed="false" />
  <field name="zaemchik" inDocKind="false" required="false" visible="true" signed="false" />
  <field name="bin" inDocKind="false" required="false" visible="true" signed="false" />
  <field name="zalogodatel" inDocKind="false" required="false" visible="true" signed="false" />
  <field name="naimenovanieZaemchika" inDocKind="false" required="false" visible="true" signed="false" />
  <field name="naimenovanieZalogodatelya" inDocKind="false" required="false" visible="true" signed="false" />
  <field name="dogovorSvyazanniSObespecheniem" inDocKind="false" required="false" visible="true" signed="false" />
  <field name="predmet" inDocKind="false" required="false" visible="true" signed="false" />
  <field name="tekushayaStoimost" inDocKind="false" required="false" visible="true" signed="false" />
  <field name="pereocenStoimost" inDocKind="false" required="false" visible="true" signed="false" />
  <field name="obespechenie" inDocKind="false" required="false" visible="true" signed="false" />
  <field name="zalogovayaStoimost" inDocKind="false" required="false" visible="true" signed="false" />
  <field name="itogSummaKSpisaniyu" inDocKind="false" required="false" visible="true" signed="false" />
  <field name="datapereocen" inDocKind="false" required="false" visible="true" signed="false" />
  <field name="osnovaniye" inDocKind="false" required="false" visible="true" signed="false" />
  <field name="documentUsloviy" inDocKind="false" required="false" visible="true" signed="false" />
  <field name="iin" inDocKind="false" required="false" visible="true" signed="false" />
  <field name="nomerAndData" inDocKind="false" required="false" visible="true" signed="false" />
  <field name="summaSubsidiDlyaPerech" inDocKind="false" required="false" visible="true" signed="false" />
  <field name="otkoneniyePoSummeSubsidiy" inDocKind="false" required="false" visible="true" signed="false" />
  <field name="iikZaemchika" inDocKind="false" required="false" visible="true" signed="false" />
  <field name="bank" inDocKind="false" required="false" visible="true" signed="false" />
  <field name="poyasnenie" inDocKind="false" required="false" visible="true" signed="false" />
</fields>
')^
-- end insert cardType for OrderDocumentFull1C
-- begin insert secPermissions for Aaa
insert into SEC_PERMISSION (ID, CREATE_TS, CREATED_BY, VERSION, UPDATE_TS, UPDATED_BY, DELETE_TS, DELETED_BY, PERMISSION_TYPE, TARGET, VALUE_, ROLE_ID)
values (newid(), now(), 'system', 1, now(), null, null, null, 20, 'thesissummer$Aaa:create', 0, (select ID from SEC_ROLE where NAME = 'SimpleUser'))^
insert into SEC_PERMISSION (ID, CREATE_TS, CREATED_BY, VERSION, UPDATE_TS, UPDATED_BY, DELETE_TS, DELETED_BY, PERMISSION_TYPE, TARGET, VALUE_, ROLE_ID)
values (newid(), now(), 'system', 1, now(), null, null, null, 20, 'thesissummer$Aaa:delete', 0, (select ID from SEC_ROLE where NAME = 'SimpleUser'))^
insert into SEC_PERMISSION (ID, CREATE_TS, CREATED_BY, VERSION, UPDATE_TS, UPDATED_BY, DELETE_TS, DELETED_BY, PERMISSION_TYPE, TARGET, VALUE_, ROLE_ID)
values (newid(), now(), 'system', 1, now(), null, null, null, 20, 'thesissummer$Aaa:create', 1, (select ID from SEC_ROLE where NAME = 'Administrators'))^
insert into SEC_PERMISSION (ID, CREATE_TS, CREATED_BY, VERSION, UPDATE_TS, UPDATED_BY, DELETE_TS, DELETED_BY, PERMISSION_TYPE, TARGET, VALUE_, ROLE_ID)
values (newid(), now(), 'system', 1, now(), null, null, null, 20, 'thesissummer$Aaa:update', 1, (select ID from SEC_ROLE where NAME = 'Administrators'))^
insert into SEC_PERMISSION (ID, CREATE_TS, CREATED_BY, VERSION, UPDATE_TS, UPDATED_BY, DELETE_TS, DELETED_BY, PERMISSION_TYPE, TARGET, VALUE_, ROLE_ID)
values (newid(), now(), 'system', 1, now(), null, null, null, 20, 'thesissummer$Aaa:delete', 1, (select ID from SEC_ROLE where NAME = 'Administrators'))^
insert into SEC_PERMISSION (ID, CREATE_TS, CREATED_BY, VERSION, UPDATE_TS, UPDATED_BY, DELETE_TS, DELETED_BY, PERMISSION_TYPE, TARGET, VALUE_, ROLE_ID)
values (newid(), now(), 'system', 1, now(), null, null, null, 20, 'thesissummer$Aaa:update', 0, (select ID from SEC_ROLE where NAME = 'SimpleUser'))^
insert into SEC_PERMISSION (ID, CREATE_TS, CREATED_BY, VERSION, UPDATE_TS, UPDATED_BY, DELETE_TS, DELETED_BY, PERMISSION_TYPE, TARGET, VALUE_, ROLE_ID)
values (newid(), now(), 'system', 1, now(), null, null, null, 20, 'thesissummer$Aaa:create', 1, (select ID from SEC_ROLE where NAME = 'ReferenceEditor'))^
insert into SEC_PERMISSION (ID, CREATE_TS, CREATED_BY, VERSION, UPDATE_TS, UPDATED_BY, DELETE_TS, DELETED_BY, PERMISSION_TYPE, TARGET, VALUE_, ROLE_ID)
values (newid(), now(), 'system', 1, now(), null, null, null, 20, 'thesissummer$Aaa:update', 1, (select ID from SEC_ROLE where NAME = 'ReferenceEditor'))^
insert into SEC_PERMISSION (ID, CREATE_TS, CREATED_BY, VERSION, UPDATE_TS, UPDATED_BY, DELETE_TS, DELETED_BY, PERMISSION_TYPE, TARGET, VALUE_, ROLE_ID)
values (newid(), now(), 'system', 1, now(), null, null, null, 20, 'thesissummer$Aaa:delete', 1, (select ID from SEC_ROLE where NAME = 'ReferenceEditor'))^
-- end insert secPermissions for Aaa
